Day, Time, Sender Region, Receiver Region, Hop IP, Duration, Hop Count
Wed,15:27:49,Asia-Northeast-1,US-West-2,175.41.128.206,21,1
Wed,15:27:49,Asia-Northeast-1,US-West-2,100.66.0.176,17,2
Wed,15:27:49,Asia-Northeast-1,US-West-2,100.66.0.57,18,3
Wed,15:27:49,Asia-Northeast-1,US-West-2,100.65.1.1,0,4
Wed,15:27:49,Asia-Northeast-1,US-West-2,203.83.223.18,174,5
Wed,15:27:49,Asia-Northeast-1,US-West-2,52.93.9.72,179,6
Wed,15:27:49,Asia-Northeast-1,US-West-2,52.93.9.173,174,7
Wed,15:27:49,Asia-Northeast-1,US-West-2,54.239.41.162,174,8
Wed,15:27:49,Asia-Northeast-1,US-West-2,54.239.52.128,174,9
Wed,15:27:49,Asia-Northeast-1,US-West-2,54.239.41.161,181,10
Wed,15:27:49,Asia-Northeast-1,US-West-2,54.239.43.43,174,11
Wed,15:27:49,Asia-Northeast-1,US-West-2,54.240.242.136,190,12
Wed,15:27:49,Asia-Northeast-1,US-West-2,52.93.70.199,174,13
Wed,15:27:49,Asia-Northeast-1,US-West-2,52.93.70.176,186,14
Wed,15:27:49,Asia-Northeast-1,US-West-2,54.240.242.87,175,15
Wed,15:27:49,Asia-Northeast-1,US-West-2,72.21.222.17,175,16
Wed,15:27:49,Asia-Northeast-1,US-West-2,100.64.16.146,176,17
Wed,15:27:49,Asia-Northeast-1,US-West-2,100.64.0.109,176,18
Wed,15:27:49,Asia-Northeast-1,US-West-2,100.64.2.88,175,19
Wed,15:27:49,Asia-Northeast-1,US-West-2,54.153.87.95,175,20
Wed,15:33:27,Asia-Northeast-1,US-West-2,175.41.128.206,25,1
Wed,15:33:27,Asia-Northeast-1,US-West-2,100.66.0.130,19,2
Wed,15:33:27,Asia-Northeast-1,US-West-2,100.66.0.71,14,3
Wed,15:33:27,Asia-Northeast-1,US-West-2,100.65.1.161,0,4
Wed,15:33:27,Asia-Northeast-1,US-West-2,203.83.223.18,174,5
Wed,15:33:27,Asia-Northeast-1,US-West-2,52.93.9.116,180,6
Wed,15:33:27,Asia-Northeast-1,US-West-2,52.93.9.19,174,7
Wed,15:33:27,Asia-Northeast-1,US-West-2,54.239.41.162,174,8
Wed,15:33:27,Asia-Northeast-1,US-West-2,54.239.52.128,174,9
Wed,15:33:27,Asia-Northeast-1,US-West-2,54.239.41.161,173,10
Wed,15:33:27,Asia-Northeast-1,US-West-2,54.239.43.43,174,11
Wed,15:33:27,Asia-Northeast-1,US-West-2,54.240.242.156,187,12
Wed,15:33:27,Asia-Northeast-1,US-West-2,52.93.70.183,174,13
Wed,15:33:27,Asia-Northeast-1,US-West-2,54.240.242.150,188,14
Wed,15:33:27,Asia-Northeast-1,US-West-2,54.240.242.67,175,15
Wed,15:33:27,Asia-Northeast-1,US-West-2,72.21.222.17,175,16
Wed,15:33:27,Asia-Northeast-1,US-West-2,100.64.16.8,175,17
Wed,15:33:27,Asia-Northeast-1,US-West-2,100.64.0.199,175,18
Wed,15:33:27,Asia-Northeast-1,US-West-2,100.64.2.110,176,19
Wed,15:33:27,Asia-Northeast-1,US-West-2,54.153.87.95,175,20
Wed,15:39:06,Asia-Northeast-1,US-West-2,175.41.128.206,21,1
Wed,15:39:06,Asia-Northeast-1,US-West-2,100.66.0.226,18,2
Wed,15:39:06,Asia-Northeast-1,US-West-2,100.66.0.69,17,3
Wed,15:39:06,Asia-Northeast-1,US-West-2,100.65.0.1,0,4
Wed,15:39:06,Asia-Northeast-1,US-West-2,203.83.223.18,174,5
Wed,15:39:06,Asia-Northeast-1,US-West-2,52.93.9.116,180,6
Wed,15:39:06,Asia-Northeast-1,US-West-2,52.93.9.41,173,7
Wed,15:39:06,Asia-Northeast-1,US-West-2,54.239.41.162,173,8
Wed,15:39:06,Asia-Northeast-1,US-West-2,54.239.52.128,173,9
Wed,15:39:06,Asia-Northeast-1,US-West-2,54.239.41.161,174,10
Wed,15:39:06,Asia-Northeast-1,US-West-2,54.239.43.43,174,11
Wed,15:39:06,Asia-Northeast-1,US-West-2,54.240.242.56,180,12
Wed,15:39:06,Asia-Northeast-1,US-West-2,52.93.70.185,175,13
Wed,15:39:06,Asia-Northeast-1,US-West-2,52.93.70.182,187,14
Wed,15:39:06,Asia-Northeast-1,US-West-2,54.240.242.127,175,15
Wed,15:39:06,Asia-Northeast-1,US-West-2,72.21.222.17,176,16
Wed,15:39:06,Asia-Northeast-1,US-West-2,100.64.16.122,175,17
Wed,15:39:06,Asia-Northeast-1,US-West-2,100.64.0.95,175,18
Wed,15:39:06,Asia-Northeast-1,US-West-2,100.64.2.210,175,19
Wed,15:39:06,Asia-Northeast-1,US-West-2,54.153.87.95,175,20
Wed,15:44:40,Asia-Northeast-1,US-West-2,175.41.128.202,14,1
Wed,15:44:40,Asia-Northeast-1,US-West-2,100.66.0.210,13,2
Wed,15:44:40,Asia-Northeast-1,US-West-2,100.66.0.119,11,3
Wed,15:44:40,Asia-Northeast-1,US-West-2,100.65.1.1,0,4
Wed,15:44:40,Asia-Northeast-1,US-West-2,203.83.223.76,174,5
Wed,15:44:40,Asia-Northeast-1,US-West-2,52.93.9.138,183,6
Wed,15:44:40,Asia-Northeast-1,US-West-2,52.93.9.63,173,7
Wed,15:44:40,Asia-Northeast-1,US-West-2,54.239.41.162,174,8
Wed,15:44:40,Asia-Northeast-1,US-West-2,54.239.52.128,174,9
Wed,15:44:40,Asia-Northeast-1,US-West-2,54.239.41.161,214,10
Wed,15:44:40,Asia-Northeast-1,US-West-2,54.239.43.43,174,11
Wed,15:44:40,Asia-Northeast-1,US-West-2,54.240.242.136,639,12
Wed,15:44:40,Asia-Northeast-1,US-West-2,54.240.242.129,174,13
Wed,15:44:40,Asia-Northeast-1,US-West-2,54.240.242.92,295,14
Wed,15:44:40,Asia-Northeast-1,US-West-2,54.240.242.147,175,15
Wed,15:44:40,Asia-Northeast-1,US-West-2,72.21.222.17,175,16
Wed,15:44:40,Asia-Northeast-1,US-West-2,100.64.16.150,176,17
Wed,15:44:40,Asia-Northeast-1,US-West-2,100.64.0.135,175,18
Wed,15:44:40,Asia-Northeast-1,US-West-2,100.64.2.176,176,19
Wed,15:44:40,Asia-Northeast-1,US-West-2,54.153.87.95,175,20
Wed,15:50:19,Asia-Northeast-1,US-West-2,175.41.128.204,12,1
Wed,15:50:19,Asia-Northeast-1,US-West-2,100.66.0.172,19,2
Wed,15:50:19,Asia-Northeast-1,US-West-2,100.66.0.27,18,3
Wed,15:50:19,Asia-Northeast-1,US-West-2,100.65.1.1,7,4
Wed,15:50:19,Asia-Northeast-1,US-West-2,203.83.223.18,174,5
Wed,15:50:19,Asia-Northeast-1,US-West-2,52.93.9.28,174,6
Wed,15:50:19,Asia-Northeast-1,US-West-2,52.93.9.63,173,7
Wed,15:50:19,Asia-Northeast-1,US-West-2,54.239.41.162,174,8
Wed,15:50:19,Asia-Northeast-1,US-West-2,54.239.52.128,174,9
Wed,15:50:19,Asia-Northeast-1,US-West-2,54.239.41.161,174,10
Wed,15:50:19,Asia-Northeast-1,US-West-2,54.239.43.43,174,11
Wed,15:50:19,Asia-Northeast-1,US-West-2,54.240.242.136,185,12
Wed,15:50:19,Asia-Northeast-1,US-West-2,54.240.242.51,173,13
Wed,15:50:19,Asia-Northeast-1,US-West-2,54.240.242.30,189,14
Wed,15:50:19,Asia-Northeast-1,US-West-2,54.240.242.67,175,15
Wed,15:50:19,Asia-Northeast-1,US-West-2,72.21.222.17,175,16
Wed,15:50:19,Asia-Northeast-1,US-West-2,100.64.16.90,175,17
Wed,15:50:19,Asia-Northeast-1,US-West-2,100.64.0.235,175,18
Wed,15:50:19,Asia-Northeast-1,US-West-2,100.64.2.108,176,19
Wed,15:50:19,Asia-Northeast-1,US-West-2,54.153.87.95,175,20
Wed,15:55:58,Asia-Northeast-1,US-West-2,175.41.128.204,16,1
Wed,15:55:58,Asia-Northeast-1,US-West-2,100.66.0.242,19,2
Wed,15:55:58,Asia-Northeast-1,US-West-2,100.66.0.55,20,3
Wed,15:55:58,Asia-Northeast-1,US-West-2,100.65.0.1,0,4
Wed,15:55:58,Asia-Northeast-1,US-West-2,203.83.223.18,174,5
Wed,15:55:58,Asia-Northeast-1,US-West-2,52.93.9.182,177,6
Wed,15:55:58,Asia-Northeast-1,US-West-2,52.93.9.63,173,7
Wed,15:55:58,Asia-Northeast-1,US-West-2,54.239.41.162,173,8
Wed,15:55:58,Asia-Northeast-1,US-West-2,54.239.52.128,174,9
Wed,15:55:58,Asia-Northeast-1,US-West-2,54.239.41.161,174,10
Wed,15:55:58,Asia-Northeast-1,US-West-2,54.239.43.43,174,11
Wed,15:55:58,Asia-Northeast-1,US-West-2,54.240.242.76,194,12
Wed,15:55:58,Asia-Northeast-1,US-West-2,54.240.242.111,173,13
Wed,15:55:58,Asia-Northeast-1,US-West-2,52.93.70.198,178,14
Wed,15:55:58,Asia-Northeast-1,US-West-2,54.240.242.27,175,15
Wed,15:55:58,Asia-Northeast-1,US-West-2,72.21.222.17,175,16
Wed,15:55:58,Asia-Northeast-1,US-West-2,100.64.16.156,175,17
Wed,15:55:58,Asia-Northeast-1,US-West-2,100.64.0.39,176,18
Wed,15:55:58,Asia-Northeast-1,US-West-2,100.64.2.156,175,19
Wed,15:55:58,Asia-Northeast-1,US-West-2,54.153.87.95,175,20
Wed,16:01:37,Asia-Northeast-1,US-West-2,175.41.128.202,13,1
Wed,16:01:37,Asia-Northeast-1,US-West-2,100.66.0.216,20,2
Wed,16:01:37,Asia-Northeast-1,US-West-2,100.66.0.103,14,3
Wed,16:01:37,Asia-Northeast-1,US-West-2,100.65.1.161,0,4
Wed,16:01:37,Asia-Northeast-1,US-West-2,203.83.223.76,174,5
Wed,16:01:37,Asia-Northeast-1,US-West-2,52.93.9.160,179,6
Wed,16:01:37,Asia-Northeast-1,US-West-2,52.93.9.19,173,7
Wed,16:01:37,Asia-Northeast-1,US-West-2,54.239.41.162,173,8
Wed,16:01:37,Asia-Northeast-1,US-West-2,54.239.52.128,176,9
Wed,16:01:37,Asia-Northeast-1,US-West-2,54.239.41.161,174,10
Wed,16:01:37,Asia-Northeast-1,US-West-2,54.239.43.43,174,11
Wed,16:01:37,Asia-Northeast-1,US-West-2,54.240.242.96,191,12
Wed,16:01:37,Asia-Northeast-1,US-West-2,54.240.242.49,174,13
Wed,16:01:37,Asia-Northeast-1,US-West-2,54.240.242.28,177,14
Wed,16:01:37,Asia-Northeast-1,US-West-2,54.240.242.127,175,15
Wed,16:01:37,Asia-Northeast-1,US-West-2,205.251.229.158,176,16
Wed,16:01:37,Asia-Northeast-1,US-West-2,100.64.16.50,175,17
Wed,16:01:37,Asia-Northeast-1,US-West-2,100.64.0.121,175,18
Wed,16:01:37,Asia-Northeast-1,US-West-2,100.64.2.12,175,19
Wed,16:01:37,Asia-Northeast-1,US-West-2,54.153.87.95,175,20
Wed,16:07:16,Asia-Northeast-1,US-West-2,175.41.128.204,37,1
Wed,16:07:16,Asia-Northeast-1,US-West-2,100.66.0.176,22,2
Wed,16:07:16,Asia-Northeast-1,US-West-2,100.66.0.111,16,3
Wed,16:07:16,Asia-Northeast-1,US-West-2,100.65.1.33,0,4
Wed,16:07:16,Asia-Northeast-1,US-West-2,203.83.223.18,174,5
Wed,16:07:16,Asia-Northeast-1,US-West-2,52.93.9.50,178,6
Wed,16:07:16,Asia-Northeast-1,US-West-2,52.93.9.173,175,7
Wed,16:07:16,Asia-Northeast-1,US-West-2,54.239.41.162,173,8
Wed,16:07:16,Asia-Northeast-1,US-West-2,54.239.52.128,173,9
Wed,16:07:16,Asia-Northeast-1,US-West-2,54.239.41.161,174,10
Wed,16:07:16,Asia-Northeast-1,US-West-2,54.239.43.43,173,11
Wed,16:07:16,Asia-Northeast-1,US-West-2,54.240.242.156,182,12
Wed,16:07:16,Asia-Northeast-1,US-West-2,54.240.242.204,173,13
Wed,16:07:16,Asia-Northeast-1,US-West-2,52.93.70.178,180,14
Wed,16:07:16,Asia-Northeast-1,US-West-2,54.240.242.67,175,15
Wed,16:07:16,Asia-Northeast-1,US-West-2,205.251.229.158,175,16
Wed,16:07:16,Asia-Northeast-1,US-West-2,100.64.16.196,175,17
Wed,16:07:16,Asia-Northeast-1,US-West-2,100.64.0.225,177,18
Wed,16:07:16,Asia-Northeast-1,US-West-2,100.64.2.142,175,19
Wed,16:07:16,Asia-Northeast-1,US-West-2,54.153.87.95,175,20
Wed,16:12:54,Asia-Northeast-1,US-West-2,175.41.128.202,14,1
Wed,16:12:54,Asia-Northeast-1,US-West-2,100.66.0.172,13,2
Wed,16:12:54,Asia-Northeast-1,US-West-2,100.66.0.127,18,3
Wed,16:12:54,Asia-Northeast-1,US-West-2,100.65.0.161,4,4
Wed,16:12:54,Asia-Northeast-1,US-West-2,203.83.223.18,174,5
Wed,16:12:54,Asia-Northeast-1,US-West-2,52.93.9.116,178,6
Wed,16:12:54,Asia-Northeast-1,US-West-2,52.93.9.129,173,7
Wed,16:12:54,Asia-Northeast-1,US-West-2,54.239.41.162,175,8
Wed,16:12:54,Asia-Northeast-1,US-West-2,54.239.52.128,174,9
Wed,16:12:54,Asia-Northeast-1,US-West-2,54.239.41.161,174,10
Wed,16:12:54,Asia-Northeast-1,US-West-2,54.239.43.43,175,11
Wed,16:12:54,Asia-Northeast-1,US-West-2,54.240.242.56,181,12
Wed,16:12:54,Asia-Northeast-1,US-West-2,52.93.70.183,174,13
Wed,16:12:54,Asia-Northeast-1,US-West-2,54.240.242.148,181,14
Wed,16:12:54,Asia-Northeast-1,US-West-2,54.240.242.147,175,15
Wed,16:12:54,Asia-Northeast-1,US-West-2,205.251.229.158,175,16
Wed,16:12:54,Asia-Northeast-1,US-West-2,100.64.16.116,175,17
Wed,16:12:54,Asia-Northeast-1,US-West-2,100.64.0.67,175,18
Wed,16:12:54,Asia-Northeast-1,US-West-2,100.64.2.248,175,19
Wed,16:12:54,Asia-Northeast-1,US-West-2,54.153.87.95,175,20
Wed,16:18:34,Asia-Northeast-1,US-West-2,175.41.128.204,21,1
Wed,16:18:34,Asia-Northeast-1,US-West-2,100.66.0.192,21,2
Wed,16:18:34,Asia-Northeast-1,US-West-2,100.66.0.117,18,3
Wed,16:18:34,Asia-Northeast-1,US-West-2,100.65.1.129,0,4
Wed,16:18:34,Asia-Northeast-1,US-West-2,203.83.223.18,174,5
Wed,16:18:34,Asia-Northeast-1,US-West-2,52.93.9.94,181,6
Wed,16:18:34,Asia-Northeast-1,US-West-2,52.93.9.41,173,7
Wed,16:18:34,Asia-Northeast-1,US-West-2,54.239.41.162,174,8
Wed,16:18:34,Asia-Northeast-1,US-West-2,54.239.52.128,173,9
Wed,16:18:34,Asia-Northeast-1,US-West-2,54.239.41.161,174,10
Wed,16:18:34,Asia-Northeast-1,US-West-2,54.239.43.43,174,11
Wed,16:18:34,Asia-Northeast-1,US-West-2,54.240.242.156,175,12
Wed,16:18:34,Asia-Northeast-1,US-West-2,52.93.70.181,174,13
Wed,16:18:34,Asia-Northeast-1,US-West-2,52.93.70.196,179,14
Wed,16:18:34,Asia-Northeast-1,US-West-2,54.240.242.127,175,15
Wed,16:18:34,Asia-Northeast-1,US-West-2,72.21.222.17,175,16
Wed,16:18:34,Asia-Northeast-1,US-West-2,100.64.16.116,175,17
Wed,16:18:34,Asia-Northeast-1,US-West-2,100.64.0.189,175,18
Wed,16:18:34,Asia-Northeast-1,US-West-2,100.64.2.48,175,19
Wed,16:18:34,Asia-Northeast-1,US-West-2,54.153.87.95,175,20
Wed,16:24:12,Asia-Northeast-1,US-West-2,175.41.128.206,17,1
Wed,16:24:12,Asia-Northeast-1,US-West-2,100.66.0.230,61,2
Wed,16:24:12,Asia-Northeast-1,US-West-2,100.66.0.117,14,3
Wed,16:24:12,Asia-Northeast-1,US-West-2,100.65.0.33,0,4
Wed,16:24:12,Asia-Northeast-1,US-West-2,203.83.223.76,174,5
Wed,16:24:12,Asia-Northeast-1,US-West-2,52.93.9.182,177,6
Wed,16:24:12,Asia-Northeast-1,US-West-2,52.93.9.63,173,7
Wed,16:24:12,Asia-Northeast-1,US-West-2,54.239.41.162,174,8
Wed,16:24:12,Asia-Northeast-1,US-West-2,54.239.52.128,175,9
Wed,16:24:12,Asia-Northeast-1,US-West-2,54.239.41.161,174,10
Wed,16:24:12,Asia-Northeast-1,US-West-2,54.239.43.43,174,11
Wed,16:24:12,Asia-Northeast-1,US-West-2,54.240.242.156,178,12
Wed,16:24:12,Asia-Northeast-1,US-West-2,54.240.242.53,174,13
Wed,16:24:12,Asia-Northeast-1,US-West-2,54.240.242.150,179,14
Wed,16:24:12,Asia-Northeast-1,US-West-2,54.240.242.27,175,15
Wed,16:24:12,Asia-Northeast-1,US-West-2,205.251.229.158,175,16
Wed,16:24:12,Asia-Northeast-1,US-West-2,100.64.16.96,176,17
Wed,16:24:12,Asia-Northeast-1,US-West-2,100.64.0.179,176,18
Wed,16:24:12,Asia-Northeast-1,US-West-2,100.64.2.214,176,19
Wed,16:24:12,Asia-Northeast-1,US-West-2,54.153.87.95,175,20
Wed,16:29:51,Asia-Northeast-1,US-West-2,175.41.128.204,21,1
Wed,16:29:51,Asia-Northeast-1,US-West-2,100.66.0.208,19,2
Wed,16:29:51,Asia-Northeast-1,US-West-2,100.66.0.41,17,3
Wed,16:29:51,Asia-Northeast-1,US-West-2,100.65.1.1,0,4
Wed,16:29:51,Asia-Northeast-1,US-West-2,203.83.223.18,174,5
Wed,16:29:51,Asia-Northeast-1,US-West-2,52.93.9.28,177,6
Wed,16:29:51,Asia-Northeast-1,US-West-2,52.93.9.85,175,7
Wed,16:29:51,Asia-Northeast-1,US-West-2,54.239.41.162,174,8
Wed,16:29:51,Asia-Northeast-1,US-West-2,54.239.52.128,174,9
Wed,16:29:51,Asia-Northeast-1,US-West-2,54.239.41.161,173,10
Wed,16:29:51,Asia-Northeast-1,US-West-2,54.239.43.43,174,11
Wed,16:29:51,Asia-Northeast-1,US-West-2,54.240.242.56,185,12
Wed,16:29:51,Asia-Northeast-1,US-West-2,54.240.242.33,174,13
Wed,16:29:51,Asia-Northeast-1,US-West-2,54.240.242.209,186,14
Wed,16:29:51,Asia-Northeast-1,US-West-2,54.240.242.87,175,15
Wed,16:29:51,Asia-Northeast-1,US-West-2,205.251.229.158,175,16
Wed,16:29:51,Asia-Northeast-1,US-West-2,100.64.16.76,177,17
Wed,16:29:51,Asia-Northeast-1,US-West-2,100.64.0.33,177,18
Wed,16:29:51,Asia-Northeast-1,US-West-2,100.64.2.130,175,19
Wed,16:29:51,Asia-Northeast-1,US-West-2,54.153.87.95,175,20
Wed,16:35:31,Asia-Northeast-1,US-West-2,175.41.128.206,17,1
Wed,16:35:31,Asia-Northeast-1,US-West-2,100.66.0.134,18,2
Wed,16:35:31,Asia-Northeast-1,US-West-2,100.66.0.95,15,3
Wed,16:35:31,Asia-Northeast-1,US-West-2,100.65.0.161,0,4
Wed,16:35:31,Asia-Northeast-1,US-West-2,203.83.223.76,174,5
Wed,16:35:31,Asia-Northeast-1,US-West-2,52.93.9.50,177,6
Wed,16:35:31,Asia-Northeast-1,US-West-2,52.93.9.85,174,7
Wed,16:35:31,Asia-Northeast-1,US-West-2,54.239.41.162,192,8
Wed,16:35:31,Asia-Northeast-1,US-West-2,54.239.52.128,174,9
Wed,16:35:31,Asia-Northeast-1,US-West-2,54.239.41.161,174,10
Wed,16:35:31,Asia-Northeast-1,US-West-2,54.239.43.43,174,11
Wed,16:35:31,Asia-Northeast-1,US-West-2,54.240.242.136,182,12
Wed,16:35:31,Asia-Northeast-1,US-West-2,52.93.70.181,174,13
Wed,16:35:31,Asia-Northeast-1,US-West-2,54.240.242.10,183,14
Wed,16:35:31,Asia-Northeast-1,US-West-2,54.240.242.107,175,15
Wed,16:35:31,Asia-Northeast-1,US-West-2,72.21.222.17,175,16
Wed,16:35:31,Asia-Northeast-1,US-West-2,100.64.16.158,175,17
Wed,16:35:31,Asia-Northeast-1,US-West-2,100.64.0.191,175,18
Wed,16:35:31,Asia-Northeast-1,US-West-2,100.64.2.194,175,19
Wed,16:35:31,Asia-Northeast-1,US-West-2,54.153.87.95,175,20
Wed,16:41:03,Asia-Northeast-1,US-West-2,175.41.128.202,20,1
Wed,16:41:03,Asia-Northeast-1,US-West-2,100.66.0.204,18,2
Wed,16:41:03,Asia-Northeast-1,US-West-2,100.66.0.59,18,3
Wed,16:41:03,Asia-Northeast-1,US-West-2,100.65.1.161,0,4
Wed,16:41:03,Asia-Northeast-1,US-West-2,203.83.223.18,184,5
Wed,16:41:03,Asia-Northeast-1,US-West-2,52.93.9.50,179,6
Wed,16:41:03,Asia-Northeast-1,US-West-2,52.93.9.41,173,7
Wed,16:41:03,Asia-Northeast-1,US-West-2,54.239.41.162,174,8
Wed,16:41:03,Asia-Northeast-1,US-West-2,54.239.52.128,173,9
Wed,16:41:03,Asia-Northeast-1,US-West-2,54.239.41.161,174,10
Wed,16:41:03,Asia-Northeast-1,US-West-2,54.239.43.43,173,11
Wed,16:41:03,Asia-Northeast-1,US-West-2,54.240.242.116,186,12
Wed,16:41:03,Asia-Northeast-1,US-West-2,54.240.242.204,174,13
Wed,16:41:03,Asia-Northeast-1,US-West-2,54.240.242.108,183,14
Wed,16:41:03,Asia-Northeast-1,US-West-2,54.240.242.147,175,15
Wed,16:41:03,Asia-Northeast-1,US-West-2,205.251.229.158,175,16
Wed,16:41:03,Asia-Northeast-1,US-West-2,100.64.16.120,176,17
Wed,16:41:03,Asia-Northeast-1,US-West-2,100.64.0.159,175,18
Wed,16:41:03,Asia-Northeast-1,US-West-2,100.64.2.152,175,19
Wed,16:41:03,Asia-Northeast-1,US-West-2,54.153.87.95,175,20
Wed,16:46:47,Asia-Northeast-1,US-West-2,175.41.128.208,20,1
Wed,16:46:47,Asia-Northeast-1,US-West-2,100.66.0.236,41,2
Wed,16:46:47,Asia-Northeast-1,US-West-2,100.66.0.121,15,3
Wed,16:46:47,Asia-Northeast-1,US-West-2,100.65.1.1,1,4
Wed,16:46:47,Asia-Northeast-1,US-West-2,203.83.223.18,175,5
Wed,16:46:47,Asia-Northeast-1,US-West-2,52.93.9.28,178,6
Wed,16:46:47,Asia-Northeast-1,US-West-2,52.93.9.41,174,7
Wed,16:46:47,Asia-Northeast-1,US-West-2,54.239.41.162,173,8
Wed,16:46:47,Asia-Northeast-1,US-West-2,54.239.52.128,174,9
Wed,16:46:47,Asia-Northeast-1,US-West-2,54.239.41.161,174,10
Wed,16:46:47,Asia-Northeast-1,US-West-2,54.239.43.43,174,11
Wed,16:46:47,Asia-Northeast-1,US-West-2,54.240.242.156,184,12
Wed,16:46:47,Asia-Northeast-1,US-West-2,54.240.242.53,175,13
Wed,16:46:47,Asia-Northeast-1,US-West-2,54.240.242.112,184,14
Wed,16:46:47,Asia-Northeast-1,US-West-2,54.240.242.87,175,15
Wed,16:46:47,Asia-Northeast-1,US-West-2,205.251.229.158,175,16
Wed,16:46:47,Asia-Northeast-1,US-West-2,100.64.16.204,175,17
Wed,16:46:47,Asia-Northeast-1,US-West-2,100.64.0.19,176,18
Wed,16:46:47,Asia-Northeast-1,US-West-2,100.64.2.76,175,19
Wed,16:46:47,Asia-Northeast-1,US-West-2,54.153.87.95,175,20
Wed,16:52:46,Asia-Northeast-1,US-West-2,175.41.128.206,13,1
Wed,16:52:46,Asia-Northeast-1,US-West-2,100.66.0.158,23,2
Wed,16:52:46,Asia-Northeast-1,US-West-2,100.66.0.31,12,3
Wed,16:52:46,Asia-Northeast-1,US-West-2,100.65.1.161,0,4
Wed,16:52:46,Asia-Northeast-1,US-West-2,203.83.223.18,174,5
Wed,16:52:46,Asia-Northeast-1,US-West-2,52.93.9.160,174,6
Wed,16:52:46,Asia-Northeast-1,US-West-2,52.93.9.63,173,7
Wed,16:52:46,Asia-Northeast-1,US-West-2,54.239.41.162,174,8
Wed,16:52:46,Asia-Northeast-1,US-West-2,54.239.52.128,174,9
Wed,16:52:46,Asia-Northeast-1,US-West-2,54.239.41.161,174,10
Wed,16:52:46,Asia-Northeast-1,US-West-2,54.239.43.43,174,11
Wed,16:52:46,Asia-Northeast-1,US-West-2,54.240.242.116,177,12
Wed,16:52:46,Asia-Northeast-1,US-West-2,54.240.242.208,174,13
Wed,16:52:46,Asia-Northeast-1,US-West-2,52.93.70.186,178,14
Wed,16:52:46,Asia-Northeast-1,US-West-2,54.240.242.27,176,15
Wed,16:52:46,Asia-Northeast-1,US-West-2,72.21.222.17,175,16
Wed,16:52:46,Asia-Northeast-1,US-West-2,100.64.16.128,176,17
Wed,16:52:46,Asia-Northeast-1,US-West-2,100.64.0.247,175,18
Wed,16:52:46,Asia-Northeast-1,US-West-2,100.64.2.162,175,19
Wed,16:52:46,Asia-Northeast-1,US-West-2,54.153.87.95,175,20
Wed,16:58:25,Asia-Northeast-1,US-West-2,175.41.128.206,14,1
Wed,16:58:25,Asia-Northeast-1,US-West-2,100.66.0.158,19,2
Wed,16:58:25,Asia-Northeast-1,US-West-2,100.66.0.95,21,3
Wed,16:58:25,Asia-Northeast-1,US-West-2,100.65.0.1,0,4
Wed,16:58:25,Asia-Northeast-1,US-West-2,203.83.223.18,174,5
Wed,16:58:25,Asia-Northeast-1,US-West-2,52.93.9.160,181,6
Wed,16:58:25,Asia-Northeast-1,US-West-2,52.93.9.173,173,7
Wed,16:58:25,Asia-Northeast-1,US-West-2,54.239.41.162,174,8
Wed,16:58:25,Asia-Northeast-1,US-West-2,54.239.52.128,174,9
Wed,16:58:25,Asia-Northeast-1,US-West-2,54.239.41.161,173,10
Wed,16:58:25,Asia-Northeast-1,US-West-2,54.239.43.43,174,11
Wed,16:58:25,Asia-Northeast-1,US-West-2,54.240.242.136,182,12
Wed,16:58:25,Asia-Northeast-1,US-West-2,52.93.70.177,174,13
Wed,16:58:25,Asia-Northeast-1,US-West-2,54.240.242.132,183,14
Wed,16:58:25,Asia-Northeast-1,US-West-2,54.240.242.167,175,15
Wed,16:58:25,Asia-Northeast-1,US-West-2,205.251.229.158,175,16
Wed,16:58:25,Asia-Northeast-1,US-West-2,100.64.16.156,175,17
Wed,16:58:25,Asia-Northeast-1,US-West-2,100.64.0.125,175,18
Wed,16:58:25,Asia-Northeast-1,US-West-2,100.64.2.142,176,19
Wed,16:58:25,Asia-Northeast-1,US-West-2,54.153.87.95,175,20
Wed,17:04:08,Asia-Northeast-1,US-West-2,175.41.128.204,15,1
Wed,17:04:08,Asia-Northeast-1,US-West-2,100.66.0.182,12,2
Wed,17:04:08,Asia-Northeast-1,US-West-2,100.66.0.17,20,3
Wed,17:04:08,Asia-Northeast-1,US-West-2,100.65.0.33,0,4
Wed,17:04:08,Asia-Northeast-1,US-West-2,203.83.223.18,175,5
Wed,17:04:08,Asia-Northeast-1,US-West-2,52.93.9.182,180,6
Wed,17:04:08,Asia-Northeast-1,US-West-2,52.93.9.19,174,7
Wed,17:04:08,Asia-Northeast-1,US-West-2,54.239.41.162,173,8
Wed,17:04:08,Asia-Northeast-1,US-West-2,54.239.52.128,173,9
Wed,17:04:08,Asia-Northeast-1,US-West-2,54.239.41.161,174,10
Wed,17:04:08,Asia-Northeast-1,US-West-2,54.239.43.43,174,11
Wed,17:04:08,Asia-Northeast-1,US-West-2,54.240.242.16,187,12
Wed,17:04:08,Asia-Northeast-1,US-West-2,54.240.242.69,174,13
Wed,17:04:08,Asia-Northeast-1,US-West-2,54.240.242.72,176,14
Wed,17:04:08,Asia-Northeast-1,US-West-2,54.240.242.167,175,15
Wed,17:04:08,Asia-Northeast-1,US-West-2,205.251.229.158,175,16
Wed,17:04:08,Asia-Northeast-1,US-West-2,100.64.16.102,175,17
Wed,17:04:08,Asia-Northeast-1,US-West-2,100.64.0.207,175,18
Wed,17:04:08,Asia-Northeast-1,US-West-2,100.64.2.86,175,19
Wed,17:04:08,Asia-Northeast-1,US-West-2,54.153.87.95,175,20
Wed,17:09:47,Asia-Northeast-1,US-West-2,175.41.128.208,19,1
Wed,17:09:47,Asia-Northeast-1,US-West-2,100.66.0.134,21,2
Wed,17:09:47,Asia-Northeast-1,US-West-2,100.66.0.27,15,3
Wed,17:09:47,Asia-Northeast-1,US-West-2,100.65.0.33,0,4
Wed,17:09:47,Asia-Northeast-1,US-West-2,203.83.223.18,174,5
Wed,17:09:47,Asia-Northeast-1,US-West-2,52.93.9.28,174,6
Wed,17:09:47,Asia-Northeast-1,US-West-2,52.93.9.129,173,7
Wed,17:09:47,Asia-Northeast-1,US-West-2,54.239.41.162,174,8
Wed,17:09:47,Asia-Northeast-1,US-West-2,54.239.52.128,180,9
Wed,17:09:47,Asia-Northeast-1,US-West-2,54.239.41.161,173,10
Wed,17:09:47,Asia-Northeast-1,US-West-2,54.239.43.43,174,11
Wed,17:09:47,Asia-Northeast-1,US-West-2,54.240.242.16,182,12
Wed,17:09:47,Asia-Northeast-1,US-West-2,54.240.242.11,173,13
Wed,17:09:47,Asia-Northeast-1,US-West-2,54.240.242.209,182,14
Wed,17:09:47,Asia-Northeast-1,US-West-2,54.240.242.147,175,15
Wed,17:09:47,Asia-Northeast-1,US-West-2,205.251.229.158,175,16
Wed,17:09:47,Asia-Northeast-1,US-West-2,100.64.16.242,175,17
Wed,17:09:47,Asia-Northeast-1,US-West-2,100.64.0.229,175,18
Wed,17:09:47,Asia-Northeast-1,US-West-2,100.64.2.194,176,19
Wed,17:09:47,Asia-Northeast-1,US-West-2,54.153.87.95,175,20
Wed,17:15:46,Asia-Northeast-1,US-West-2,175.41.128.208,17,1
Wed,17:15:46,Asia-Northeast-1,US-West-2,100.66.0.146,18,2
Wed,17:15:46,Asia-Northeast-1,US-West-2,100.66.0.87,13,3
Wed,17:15:46,Asia-Northeast-1,US-West-2,100.65.0.161,0,4
Wed,17:15:46,Asia-Northeast-1,US-West-2,203.83.223.18,174,5
Wed,17:15:46,Asia-Northeast-1,US-West-2,52.93.9.94,177,6
Wed,17:15:46,Asia-Northeast-1,US-West-2,52.93.9.19,173,7
Wed,17:15:46,Asia-Northeast-1,US-West-2,54.239.41.162,173,8
Wed,17:15:46,Asia-Northeast-1,US-West-2,54.239.52.128,173,9
Wed,17:15:46,Asia-Northeast-1,US-West-2,54.239.41.161,174,10
Wed,17:15:46,Asia-Northeast-1,US-West-2,54.239.43.43,174,11
Wed,17:15:46,Asia-Northeast-1,US-West-2,54.240.242.156,180,12
Wed,17:15:46,Asia-Northeast-1,US-West-2,52.93.70.189,174,13
Wed,17:15:46,Asia-Northeast-1,US-West-2,54.240.242.8,187,14
Wed,17:15:46,Asia-Northeast-1,US-West-2,54.240.242.127,180,15
Wed,17:15:46,Asia-Northeast-1,US-West-2,205.251.229.158,180,16
Wed,17:15:46,Asia-Northeast-1,US-West-2,100.64.16.90,176,17
Wed,17:15:46,Asia-Northeast-1,US-West-2,100.64.0.69,181,18
Wed,17:15:46,Asia-Northeast-1,US-West-2,100.64.2.156,177,19
Wed,17:15:46,Asia-Northeast-1,US-West-2,54.153.87.95,175,20
Wed,17:21:24,Asia-Northeast-1,US-West-2,175.41.128.204,14,1
Wed,17:21:24,Asia-Northeast-1,US-West-2,100.66.0.170,20,2
Wed,17:21:24,Asia-Northeast-1,US-West-2,100.66.0.61,13,3
Wed,17:21:24,Asia-Northeast-1,US-West-2,100.65.0.129,0,4
Wed,17:21:24,Asia-Northeast-1,US-West-2,203.83.223.18,175,5
Wed,17:21:24,Asia-Northeast-1,US-West-2,52.93.9.28,179,6
Wed,17:21:24,Asia-Northeast-1,US-West-2,52.93.9.19,173,7
Wed,17:21:24,Asia-Northeast-1,US-West-2,54.239.41.162,174,8
Wed,17:21:24,Asia-Northeast-1,US-West-2,54.239.52.128,174,9
Wed,17:21:24,Asia-Northeast-1,US-West-2,54.239.41.161,174,10
Wed,17:21:24,Asia-Northeast-1,US-West-2,54.239.43.43,183,11
Wed,17:21:24,Asia-Northeast-1,US-West-2,54.240.242.36,179,12
Wed,17:21:24,Asia-Northeast-1,US-West-2,54.240.242.29,173,13
Wed,17:21:24,Asia-Northeast-1,US-West-2,54.240.242.8,182,14
Wed,17:21:24,Asia-Northeast-1,US-West-2,54.240.242.87,175,15
Wed,17:21:24,Asia-Northeast-1,US-West-2,72.21.222.17,175,16
Wed,17:21:24,Asia-Northeast-1,US-West-2,100.64.16.72,176,17
Wed,17:21:24,Asia-Northeast-1,US-West-2,100.64.0.17,176,18
Wed,17:21:24,Asia-Northeast-1,US-West-2,100.64.2.226,175,19
Wed,17:21:24,Asia-Northeast-1,US-West-2,54.153.87.95,175,20
Wed,17:27:24,Asia-Northeast-1,US-West-2,175.41.128.204,13,1
Wed,17:27:24,Asia-Northeast-1,US-West-2,100.66.0.138,16,2
Wed,17:27:24,Asia-Northeast-1,US-West-2,100.66.0.59,19,3
Wed,17:27:24,Asia-Northeast-1,US-West-2,100.65.1.129,0,4
Wed,17:27:24,Asia-Northeast-1,US-West-2,203.83.223.76,174,5
Wed,17:27:24,Asia-Northeast-1,US-West-2,52.93.9.160,183,6
Wed,17:27:24,Asia-Northeast-1,US-West-2,52.93.9.151,174,7
Wed,17:27:24,Asia-Northeast-1,US-West-2,54.239.41.162,174,8
Wed,17:27:24,Asia-Northeast-1,US-West-2,54.239.52.128,174,9
Wed,17:27:24,Asia-Northeast-1,US-West-2,54.239.41.161,174,10
Wed,17:27:24,Asia-Northeast-1,US-West-2,54.239.43.43,174,11
Wed,17:27:24,Asia-Northeast-1,US-West-2,54.240.242.96,185,12
Wed,17:27:24,Asia-Northeast-1,US-West-2,54.240.242.210,173,13
Wed,17:27:24,Asia-Northeast-1,US-West-2,54.240.242.88,190,14
Wed,17:27:24,Asia-Northeast-1,US-West-2,54.240.242.127,175,15
Wed,17:27:24,Asia-Northeast-1,US-West-2,72.21.222.17,175,16
Wed,17:27:24,Asia-Northeast-1,US-West-2,100.64.16.14,176,17
Wed,17:27:24,Asia-Northeast-1,US-West-2,100.64.0.17,176,18
Wed,17:27:24,Asia-Northeast-1,US-West-2,100.64.2.94,175,19
Wed,17:27:24,Asia-Northeast-1,US-West-2,54.153.87.95,175,20
Wed,17:33:23,Asia-Northeast-1,US-West-2,175.41.128.206,19,1
Wed,17:33:23,Asia-Northeast-1,US-West-2,100.66.0.230,15,2
Wed,17:33:23,Asia-Northeast-1,US-West-2,100.66.0.93,18,3
Wed,17:33:23,Asia-Northeast-1,US-West-2,100.65.0.129,0,4
Wed,17:33:23,Asia-Northeast-1,US-West-2,203.83.223.18,174,5
Wed,17:33:23,Asia-Northeast-1,US-West-2,52.93.9.94,179,6
Wed,17:33:23,Asia-Northeast-1,US-West-2,52.93.9.41,173,7
Wed,17:33:23,Asia-Northeast-1,US-West-2,54.239.41.162,174,8
Wed,17:33:23,Asia-Northeast-1,US-West-2,54.239.52.128,173,9
Wed,17:33:23,Asia-Northeast-1,US-West-2,54.239.41.161,179,10
Wed,17:33:23,Asia-Northeast-1,US-West-2,54.239.43.43,174,11
Wed,17:33:23,Asia-Northeast-1,US-West-2,54.240.242.56,179,12
Wed,17:33:23,Asia-Northeast-1,US-West-2,54.240.242.204,175,13
Wed,17:33:23,Asia-Northeast-1,US-West-2,54.240.242.72,190,14
Wed,17:33:23,Asia-Northeast-1,US-West-2,54.240.242.47,175,15
Wed,17:33:23,Asia-Northeast-1,US-West-2,205.251.229.158,175,16
Wed,17:33:23,Asia-Northeast-1,US-West-2,100.64.16.52,175,17
Wed,17:33:23,Asia-Northeast-1,US-West-2,100.64.0.197,175,18
Wed,17:33:23,Asia-Northeast-1,US-West-2,100.64.2.184,175,19
Wed,17:33:23,Asia-Northeast-1,US-West-2,54.153.87.95,175,20
Wed,17:39:02,Asia-Northeast-1,US-West-2,175.41.128.206,10,1
Wed,17:39:02,Asia-Northeast-1,US-West-2,100.66.0.238,20,2
Wed,17:39:02,Asia-Northeast-1,US-West-2,100.66.0.69,14,3
Wed,17:39:02,Asia-Northeast-1,US-West-2,100.65.1.33,2,4
Wed,17:39:02,Asia-Northeast-1,US-West-2,203.83.223.18,174,5
Wed,17:39:02,Asia-Northeast-1,US-West-2,52.93.9.28,183,6
Wed,17:39:02,Asia-Northeast-1,US-West-2,52.93.9.173,173,7
Wed,17:39:02,Asia-Northeast-1,US-West-2,54.239.41.162,174,8
Wed,17:39:02,Asia-Northeast-1,US-West-2,54.239.52.128,174,9
Wed,17:39:02,Asia-Northeast-1,US-West-2,54.239.41.161,174,10
Wed,17:39:02,Asia-Northeast-1,US-West-2,54.239.43.43,174,11
Wed,17:39:02,Asia-Northeast-1,US-West-2,54.240.242.56,175,12
Wed,17:39:02,Asia-Northeast-1,US-West-2,54.240.242.29,174,13
Wed,17:39:02,Asia-Northeast-1,US-West-2,52.93.70.194,182,14
Wed,17:39:02,Asia-Northeast-1,US-West-2,54.240.242.167,175,15
Wed,17:39:02,Asia-Northeast-1,US-West-2,205.251.229.158,175,16
Wed,17:39:02,Asia-Northeast-1,US-West-2,100.64.16.194,175,17
Wed,17:39:02,Asia-Northeast-1,US-West-2,100.64.0.67,175,18
Wed,17:39:02,Asia-Northeast-1,US-West-2,100.64.2.196,176,19
Wed,17:39:02,Asia-Northeast-1,US-West-2,54.153.87.95,175,20
Wed,17:44:41,Asia-Northeast-1,US-West-2,175.41.128.206,14,1
Wed,17:44:41,Asia-Northeast-1,US-West-2,100.66.0.250,19,2
Wed,17:44:41,Asia-Northeast-1,US-West-2,100.66.0.73,18,3
Wed,17:44:41,Asia-Northeast-1,US-West-2,100.65.0.129,0,4
Wed,17:44:41,Asia-Northeast-1,US-West-2,203.83.223.18,174,5
Wed,17:44:41,Asia-Northeast-1,US-West-2,52.93.9.182,178,6
Wed,17:44:41,Asia-Northeast-1,US-West-2,52.93.9.129,174,7
Wed,17:44:41,Asia-Northeast-1,US-West-2,54.239.41.162,174,8
Wed,17:44:41,Asia-Northeast-1,US-West-2,54.239.52.128,179,9
Wed,17:44:41,Asia-Northeast-1,US-West-2,54.239.41.161,174,10
Wed,17:44:41,Asia-Northeast-1,US-West-2,54.239.43.43,174,11
Wed,17:44:41,Asia-Northeast-1,US-West-2,54.240.242.116,187,12
Wed,17:44:41,Asia-Northeast-1,US-West-2,54.240.242.91,174,13
Wed,17:44:41,Asia-Northeast-1,US-West-2,54.240.242.12,181,14
Wed,17:44:41,Asia-Northeast-1,US-West-2,54.240.242.167,176,15
Wed,17:44:41,Asia-Northeast-1,US-West-2,72.21.222.17,175,16
Wed,17:44:41,Asia-Northeast-1,US-West-2,100.64.16.242,180,17
Wed,17:44:41,Asia-Northeast-1,US-West-2,100.64.0.29,175,18
Wed,17:44:41,Asia-Northeast-1,US-West-2,100.64.2.54,175,19
Wed,17:44:41,Asia-Northeast-1,US-West-2,54.153.87.95,175,20
Wed,17:50:14,Asia-Northeast-1,US-West-2,175.41.128.202,19,1
Wed,17:50:14,Asia-Northeast-1,US-West-2,100.66.0.134,15,2
Wed,17:50:14,Asia-Northeast-1,US-West-2,100.66.0.21,17,3
Wed,17:50:14,Asia-Northeast-1,US-West-2,100.65.0.1,0,4
Wed,17:50:14,Asia-Northeast-1,US-West-2,203.83.223.76,174,5
Wed,17:50:14,Asia-Northeast-1,US-West-2,52.93.9.28,182,6
Wed,17:50:14,Asia-Northeast-1,US-West-2,52.93.9.19,174,7
Wed,17:50:14,Asia-Northeast-1,US-West-2,54.239.41.162,174,8
Wed,17:50:14,Asia-Northeast-1,US-West-2,54.239.52.128,174,9
Wed,17:50:14,Asia-Northeast-1,US-West-2,54.239.41.161,180,10
Wed,17:50:14,Asia-Northeast-1,US-West-2,54.239.43.43,174,11
Wed,17:50:14,Asia-Northeast-1,US-West-2,54.240.242.16,185,12
Wed,17:50:14,Asia-Northeast-1,US-West-2,54.240.242.73,174,13
Wed,17:50:14,Asia-Northeast-1,US-West-2,52.93.70.206,188,14
Wed,17:50:14,Asia-Northeast-1,US-West-2,54.240.242.87,175,15
Wed,17:50:14,Asia-Northeast-1,US-West-2,72.21.222.17,175,16
Wed,17:50:14,Asia-Northeast-1,US-West-2,100.64.16.222,175,17
Wed,17:50:14,Asia-Northeast-1,US-West-2,100.64.0.177,175,18
Wed,17:50:14,Asia-Northeast-1,US-West-2,100.64.2.42,175,19
Wed,17:50:14,Asia-Northeast-1,US-West-2,54.153.87.95,175,20
Wed,17:55:53,Asia-Northeast-1,US-West-2,175.41.128.204,45,1
Wed,17:55:53,Asia-Northeast-1,US-West-2,100.66.0.134,17,2
Wed,17:55:53,Asia-Northeast-1,US-West-2,100.66.0.63,13,3
Wed,17:55:53,Asia-Northeast-1,US-West-2,100.65.0.129,0,4
Wed,17:55:53,Asia-Northeast-1,US-West-2,203.83.223.76,174,5
Wed,17:55:53,Asia-Northeast-1,US-West-2,52.93.9.116,183,6
Wed,17:55:53,Asia-Northeast-1,US-West-2,52.93.9.107,174,7
Wed,17:55:53,Asia-Northeast-1,US-West-2,54.239.41.162,173,8
Wed,17:55:53,Asia-Northeast-1,US-West-2,54.239.52.128,174,9
Wed,17:55:53,Asia-Northeast-1,US-West-2,54.239.41.161,173,10
Wed,17:55:53,Asia-Northeast-1,US-West-2,54.239.43.43,174,11
Wed,17:55:53,Asia-Northeast-1,US-West-2,54.240.242.96,185,12
Wed,17:55:53,Asia-Northeast-1,US-West-2,52.93.70.177,175,13
Wed,17:55:53,Asia-Northeast-1,US-West-2,54.240.242.50,185,14
Wed,17:55:53,Asia-Northeast-1,US-West-2,54.240.242.27,175,15
Wed,17:55:53,Asia-Northeast-1,US-West-2,205.251.229.158,175,16
Wed,17:55:53,Asia-Northeast-1,US-West-2,100.64.16.102,175,17
Wed,17:55:53,Asia-Northeast-1,US-West-2,100.64.0.25,175,18
Wed,17:55:53,Asia-Northeast-1,US-West-2,100.64.2.136,175,19
Wed,17:55:53,Asia-Northeast-1,US-West-2,54.153.87.95,175,20
Wed,18:01:50,Asia-Northeast-1,US-West-2,175.41.128.208,15,1
Wed,18:01:50,Asia-Northeast-1,US-West-2,100.66.0.216,14,2
Wed,18:01:50,Asia-Northeast-1,US-West-2,100.66.0.41,18,3
Wed,18:01:50,Asia-Northeast-1,US-West-2,100.65.0.33,0,4
Wed,18:01:50,Asia-Northeast-1,US-West-2,203.83.223.18,174,5
Wed,18:01:50,Asia-Northeast-1,US-West-2,52.93.9.116,175,6
Wed,18:01:50,Asia-Northeast-1,US-West-2,52.93.9.129,173,7
Wed,18:01:50,Asia-Northeast-1,US-West-2,54.239.41.162,174,8
Wed,18:01:50,Asia-Northeast-1,US-West-2,54.239.52.128,173,9
Wed,18:01:50,Asia-Northeast-1,US-West-2,54.239.41.161,174,10
Wed,18:01:50,Asia-Northeast-1,US-West-2,54.239.43.43,174,11
Wed,18:01:50,Asia-Northeast-1,US-West-2,54.240.242.116,177,12
Wed,18:01:50,Asia-Northeast-1,US-West-2,54.240.242.49,180,13
Wed,18:01:50,Asia-Northeast-1,US-West-2,54.240.242.12,178,14
Wed,18:01:50,Asia-Northeast-1,US-West-2,54.240.242.127,175,15
Wed,18:01:50,Asia-Northeast-1,US-West-2,72.21.222.17,175,16
Wed,18:01:50,Asia-Northeast-1,US-West-2,100.64.16.124,175,17
Wed,18:01:50,Asia-Northeast-1,US-West-2,100.64.0.233,175,18
Wed,18:01:50,Asia-Northeast-1,US-West-2,100.64.2.58,175,19
Wed,18:01:50,Asia-Northeast-1,US-West-2,54.153.87.95,175,20
Wed,18:07:45,Asia-Northeast-1,US-West-2,175.41.128.202,12,1
Wed,18:07:45,Asia-Northeast-1,US-West-2,100.66.0.144,12,2
Wed,18:07:45,Asia-Northeast-1,US-West-2,100.66.0.105,26,3
Wed,18:07:45,Asia-Northeast-1,US-West-2,100.65.0.129,0,4
Wed,18:07:45,Asia-Northeast-1,US-West-2,203.83.223.18,174,5
Wed,18:07:45,Asia-Northeast-1,US-West-2,52.93.9.72,181,6
Wed,18:07:45,Asia-Northeast-1,US-West-2,52.93.9.129,174,7
Wed,18:07:45,Asia-Northeast-1,US-West-2,54.239.41.162,178,8
Wed,18:07:45,Asia-Northeast-1,US-West-2,54.239.52.128,174,9
Wed,18:07:45,Asia-Northeast-1,US-West-2,54.239.41.161,174,10
Wed,18:07:45,Asia-Northeast-1,US-West-2,54.239.43.43,174,11
Wed,18:07:45,Asia-Northeast-1,US-West-2,54.240.242.116,1040,12
Wed,18:07:45,Asia-Northeast-1,US-West-2,52.93.70.185,173,13
Wed,18:07:45,Asia-Northeast-1,US-West-2,52.93.70.192,687,14
Wed,18:07:45,Asia-Northeast-1,US-West-2,54.240.242.107,180,15
Wed,18:07:45,Asia-Northeast-1,US-West-2,72.21.222.17,175,16
Wed,18:07:45,Asia-Northeast-1,US-West-2,100.64.16.36,180,17
Wed,18:07:45,Asia-Northeast-1,US-West-2,100.64.0.225,175,18
Wed,18:07:45,Asia-Northeast-1,US-West-2,100.64.2.148,175,19
Wed,18:07:45,Asia-Northeast-1,US-West-2,54.153.87.95,175,20
Wed,18:13:18,Asia-Northeast-1,US-West-2,175.41.128.204,18,1
Wed,18:13:18,Asia-Northeast-1,US-West-2,100.66.0.248,17,2
Wed,18:13:18,Asia-Northeast-1,US-West-2,100.66.0.11,13,3
Wed,18:13:18,Asia-Northeast-1,US-West-2,100.65.0.129,0,4
Wed,18:13:18,Asia-Northeast-1,US-West-2,203.83.223.18,174,5
Wed,18:13:18,Asia-Northeast-1,US-West-2,52.93.9.72,177,6
Wed,18:13:18,Asia-Northeast-1,US-West-2,52.93.9.173,174,7
Wed,18:13:18,Asia-Northeast-1,US-West-2,54.239.41.162,173,8
Wed,18:13:18,Asia-Northeast-1,US-West-2,54.239.52.128,173,9
Wed,18:13:18,Asia-Northeast-1,US-West-2,54.239.41.161,173,10
Wed,18:13:18,Asia-Northeast-1,US-West-2,54.239.43.43,174,11
Wed,18:13:18,Asia-Northeast-1,US-West-2,54.240.242.156,174,12
Wed,18:13:18,Asia-Northeast-1,US-West-2,54.240.242.212,174,13
Wed,18:13:18,Asia-Northeast-1,US-West-2,52.93.70.188,186,14
Wed,18:13:18,Asia-Northeast-1,US-West-2,54.240.242.167,175,15
Wed,18:13:18,Asia-Northeast-1,US-West-2,72.21.222.17,176,16
Wed,18:13:18,Asia-Northeast-1,US-West-2,100.64.16.166,175,17
Wed,18:13:18,Asia-Northeast-1,US-West-2,100.64.0.87,175,18
Wed,18:13:18,Asia-Northeast-1,US-West-2,100.64.2.22,176,19
Wed,18:13:18,Asia-Northeast-1,US-West-2,54.153.87.95,175,20
Wed,18:19:11,Asia-Northeast-1,US-West-2,175.41.128.204,16,1
Wed,18:19:11,Asia-Northeast-1,US-West-2,100.66.0.220,14,2
Wed,18:19:11,Asia-Northeast-1,US-West-2,100.66.0.39,11,3
Wed,18:19:11,Asia-Northeast-1,US-West-2,100.65.0.161,0,4
Wed,18:19:11,Asia-Northeast-1,US-West-2,203.83.223.76,174,5
Wed,18:19:11,Asia-Northeast-1,US-West-2,52.93.9.72,180,6
Wed,18:19:11,Asia-Northeast-1,US-West-2,52.93.9.41,174,7
Wed,18:19:11,Asia-Northeast-1,US-West-2,54.239.41.162,174,8
Wed,18:19:11,Asia-Northeast-1,US-West-2,54.239.52.128,174,9
Wed,18:19:11,Asia-Northeast-1,US-West-2,54.239.41.161,173,10
Wed,18:19:11,Asia-Northeast-1,US-West-2,54.239.43.43,174,11
Wed,18:19:11,Asia-Northeast-1,US-West-2,54.240.242.136,189,12
Wed,18:19:11,Asia-Northeast-1,US-West-2,54.240.242.51,174,13
Wed,18:19:11,Asia-Northeast-1,US-West-2,52.93.70.196,189,14
Wed,18:19:11,Asia-Northeast-1,US-West-2,54.240.242.67,175,15
Wed,18:19:11,Asia-Northeast-1,US-West-2,205.251.229.158,175,16
Wed,18:19:11,Asia-Northeast-1,US-West-2,100.64.16.110,176,17
Wed,18:19:11,Asia-Northeast-1,US-West-2,100.64.0.19,175,18
Wed,18:19:11,Asia-Northeast-1,US-West-2,100.64.2.148,175,19
Wed,18:19:11,Asia-Northeast-1,US-West-2,54.153.87.95,175,20
Wed,18:24:55,Asia-Northeast-1,US-West-2,175.41.128.208,19,1
Wed,18:24:55,Asia-Northeast-1,US-West-2,100.66.0.234,16,2
Wed,18:24:55,Asia-Northeast-1,US-West-2,100.66.0.53,17,3
Wed,18:24:55,Asia-Northeast-1,US-West-2,100.65.1.33,0,4
Wed,18:24:55,Asia-Northeast-1,US-West-2,203.83.223.76,174,5
Wed,18:24:55,Asia-Northeast-1,US-West-2,52.93.9.50,181,6
Wed,18:24:55,Asia-Northeast-1,US-West-2,52.93.9.85,174,7
Wed,18:24:55,Asia-Northeast-1,US-West-2,54.239.41.162,174,8
Wed,18:24:55,Asia-Northeast-1,US-West-2,54.239.52.128,173,9
Wed,18:24:55,Asia-Northeast-1,US-West-2,54.239.41.161,173,10
Wed,18:24:55,Asia-Northeast-1,US-West-2,54.239.43.43,174,11
Wed,18:24:55,Asia-Northeast-1,US-West-2,54.240.242.136,173,12
Wed,18:24:55,Asia-Northeast-1,US-West-2,54.240.242.111,174,13
Wed,18:24:55,Asia-Northeast-1,US-West-2,54.240.242.28,186,14
Wed,18:24:55,Asia-Northeast-1,US-West-2,54.240.242.47,175,15
Wed,18:24:55,Asia-Northeast-1,US-West-2,72.21.222.17,175,16
Wed,18:24:55,Asia-Northeast-1,US-West-2,100.64.16.98,176,17
Wed,18:24:55,Asia-Northeast-1,US-West-2,100.64.0.29,175,18
Wed,18:24:55,Asia-Northeast-1,US-West-2,100.64.2.20,175,19
Wed,18:24:55,Asia-Northeast-1,US-West-2,54.153.87.95,175,20
Wed,18:30:54,Asia-Northeast-1,US-West-2,175.41.128.206,16,1
Wed,18:30:54,Asia-Northeast-1,US-West-2,100.66.0.144,12,2
Wed,18:30:54,Asia-Northeast-1,US-West-2,100.66.0.49,20,3
Wed,18:30:54,Asia-Northeast-1,US-West-2,100.65.1.1,0,4
Wed,18:30:54,Asia-Northeast-1,US-West-2,203.83.223.76,174,5
Wed,18:30:54,Asia-Northeast-1,US-West-2,52.93.9.160,174,6
Wed,18:30:54,Asia-Northeast-1,US-West-2,52.93.9.63,173,7
Wed,18:30:54,Asia-Northeast-1,US-West-2,54.239.41.162,173,8
Wed,18:30:54,Asia-Northeast-1,US-West-2,54.239.52.128,174,9
Wed,18:30:54,Asia-Northeast-1,US-West-2,54.239.41.161,174,10
Wed,18:30:54,Asia-Northeast-1,US-West-2,54.239.43.43,173,11
Wed,18:30:54,Asia-Northeast-1,US-West-2,54.240.242.116,185,12
Wed,18:30:54,Asia-Northeast-1,US-West-2,54.240.242.111,174,13
Wed,18:30:54,Asia-Northeast-1,US-West-2,54.240.242.88,178,14
Wed,18:30:54,Asia-Northeast-1,US-West-2,54.240.242.27,176,15
Wed,18:30:54,Asia-Northeast-1,US-West-2,205.251.229.158,175,16
Wed,18:30:54,Asia-Northeast-1,US-West-2,100.64.16.116,176,17
Wed,18:30:54,Asia-Northeast-1,US-West-2,100.64.0.9,175,18
Wed,18:30:54,Asia-Northeast-1,US-West-2,100.64.2.100,175,19
Wed,18:30:54,Asia-Northeast-1,US-West-2,54.153.87.95,175,20
Wed,18:36:32,Asia-Northeast-1,US-West-2,175.41.128.204,18,1
Wed,18:36:32,Asia-Northeast-1,US-West-2,100.66.0.140,15,2
Wed,18:36:32,Asia-Northeast-1,US-West-2,100.66.0.43,16,3
Wed,18:36:32,Asia-Northeast-1,US-West-2,100.65.1.161,0,4
Wed,18:36:32,Asia-Northeast-1,US-West-2,203.83.223.18,174,5
Wed,18:36:32,Asia-Northeast-1,US-West-2,52.93.9.28,175,6
Wed,18:36:32,Asia-Northeast-1,US-West-2,52.93.9.19,174,7
Wed,18:36:32,Asia-Northeast-1,US-West-2,54.239.41.162,173,8
Wed,18:36:32,Asia-Northeast-1,US-West-2,54.239.52.128,173,9
Wed,18:36:32,Asia-Northeast-1,US-West-2,54.239.41.161,174,10
Wed,18:36:32,Asia-Northeast-1,US-West-2,54.239.43.43,174,11
Wed,18:36:32,Asia-Northeast-1,US-West-2,54.240.242.96,182,12
Wed,18:36:32,Asia-Northeast-1,US-West-2,52.93.70.185,174,13
Wed,18:36:32,Asia-Northeast-1,US-West-2,54.240.242.8,185,14
Wed,18:36:32,Asia-Northeast-1,US-West-2,54.240.242.87,175,15
Wed,18:36:32,Asia-Northeast-1,US-West-2,205.251.229.158,175,16
Wed,18:36:32,Asia-Northeast-1,US-West-2,100.64.16.158,175,17
Wed,18:36:32,Asia-Northeast-1,US-West-2,100.64.0.149,175,18
Wed,18:36:32,Asia-Northeast-1,US-West-2,100.64.2.240,175,19
Wed,18:36:32,Asia-Northeast-1,US-West-2,54.153.87.95,175,20
Wed,18:42:05,Asia-Northeast-1,US-West-2,175.41.128.204,22,1
Wed,18:42:05,Asia-Northeast-1,US-West-2,100.66.0.188,22,2
Wed,18:42:05,Asia-Northeast-1,US-West-2,100.66.0.67,14,3
Wed,18:42:05,Asia-Northeast-1,US-West-2,100.65.0.129,0,4
Wed,18:42:05,Asia-Northeast-1,US-West-2,203.83.223.76,174,5
Wed,18:42:05,Asia-Northeast-1,US-West-2,52.93.9.138,179,6
Wed,18:42:05,Asia-Northeast-1,US-West-2,52.93.9.41,175,7
Wed,18:42:05,Asia-Northeast-1,US-West-2,54.239.41.162,174,8
Wed,18:42:05,Asia-Northeast-1,US-West-2,54.239.52.128,174,9
Wed,18:42:05,Asia-Northeast-1,US-West-2,54.239.41.161,173,10
Wed,18:42:05,Asia-Northeast-1,US-West-2,54.239.43.43,173,11
Wed,18:42:05,Asia-Northeast-1,US-West-2,54.240.242.36,194,12
Wed,18:42:05,Asia-Northeast-1,US-West-2,54.240.242.153,174,13
Wed,18:42:05,Asia-Northeast-1,US-West-2,54.240.242.209,176,14
Wed,18:42:05,Asia-Northeast-1,US-West-2,54.240.242.27,175,15
Wed,18:42:05,Asia-Northeast-1,US-West-2,205.251.229.158,175,16
Wed,18:42:05,Asia-Northeast-1,US-West-2,100.64.16.220,175,17
Wed,18:42:05,Asia-Northeast-1,US-West-2,100.64.0.145,175,18
Wed,18:42:05,Asia-Northeast-1,US-West-2,100.64.2.20,175,19
Wed,18:42:05,Asia-Northeast-1,US-West-2,54.153.87.95,175,20
Wed,18:47:45,Asia-Northeast-1,US-West-2,175.41.128.204,18,1
Wed,18:47:45,Asia-Northeast-1,US-West-2,100.66.0.198,21,2
Wed,18:47:45,Asia-Northeast-1,US-West-2,100.66.0.57,15,3
Wed,18:47:45,Asia-Northeast-1,US-West-2,100.65.0.129,0,4
Wed,18:47:45,Asia-Northeast-1,US-West-2,203.83.223.76,174,5
Wed,18:47:45,Asia-Northeast-1,US-West-2,52.93.9.72,189,6
Wed,18:47:45,Asia-Northeast-1,US-West-2,52.93.9.151,173,7
Wed,18:47:45,Asia-Northeast-1,US-West-2,54.239.41.162,174,8
Wed,18:47:45,Asia-Northeast-1,US-West-2,54.239.52.128,174,9
Wed,18:47:45,Asia-Northeast-1,US-West-2,54.239.41.161,173,10
Wed,18:47:45,Asia-Northeast-1,US-West-2,54.239.43.43,175,11
Wed,18:47:45,Asia-Northeast-1,US-West-2,54.240.242.136,796,12
Wed,18:47:45,Asia-Northeast-1,US-West-2,54.240.242.129,174,13
Wed,18:47:45,Asia-Northeast-1,US-West-2,54.240.242.68,730,14
Wed,18:47:45,Asia-Northeast-1,US-West-2,54.240.242.87,176,15
Wed,18:47:45,Asia-Northeast-1,US-West-2,72.21.222.17,175,16
Wed,18:47:45,Asia-Northeast-1,US-West-2,100.64.16.150,175,17
Wed,18:47:45,Asia-Northeast-1,US-West-2,100.64.0.145,178,18
Wed,18:47:45,Asia-Northeast-1,US-West-2,100.64.2.174,175,19
Wed,18:47:45,Asia-Northeast-1,US-West-2,54.153.87.95,175,20
Wed,18:53:19,Asia-Northeast-1,US-West-2,175.41.128.204,25,1
Wed,18:53:19,Asia-Northeast-1,US-West-2,100.66.0.190,20,2
Wed,18:53:19,Asia-Northeast-1,US-West-2,100.66.0.35,5,3
Wed,18:53:19,Asia-Northeast-1,US-West-2,100.65.0.33,0,4
Wed,18:53:19,Asia-Northeast-1,US-West-2,203.83.223.76,174,5
Wed,18:53:19,Asia-Northeast-1,US-West-2,52.93.9.116,180,6
Wed,18:53:19,Asia-Northeast-1,US-West-2,52.93.9.151,173,7
Wed,18:53:19,Asia-Northeast-1,US-West-2,54.239.41.162,173,8
Wed,18:53:19,Asia-Northeast-1,US-West-2,54.239.52.128,173,9
Wed,18:53:19,Asia-Northeast-1,US-West-2,54.239.41.161,173,10
Wed,18:53:19,Asia-Northeast-1,US-West-2,54.239.43.43,174,11
Wed,18:53:19,Asia-Northeast-1,US-West-2,54.240.242.36,177,12
Wed,18:53:19,Asia-Northeast-1,US-West-2,52.93.70.197,174,13
Wed,18:53:19,Asia-Northeast-1,US-West-2,54.240.242.68,186,14
Wed,18:53:19,Asia-Northeast-1,US-West-2,54.240.242.67,175,15
Wed,18:53:19,Asia-Northeast-1,US-West-2,205.251.229.158,175,16
Wed,18:53:19,Asia-Northeast-1,US-West-2,100.64.16.94,176,17
Wed,18:53:19,Asia-Northeast-1,US-West-2,100.64.0.153,175,18
Wed,18:53:19,Asia-Northeast-1,US-West-2,100.64.2.42,176,19
Wed,18:53:19,Asia-Northeast-1,US-West-2,54.153.87.95,175,20
Wed,18:58:57,Asia-Northeast-1,US-West-2,175.41.128.208,12,1
Wed,18:58:57,Asia-Northeast-1,US-West-2,100.66.0.208,14,2
Wed,18:58:57,Asia-Northeast-1,US-West-2,100.66.0.127,16,3
Wed,18:58:57,Asia-Northeast-1,US-West-2,100.65.1.1,0,4
Wed,18:58:57,Asia-Northeast-1,US-West-2,203.83.223.76,174,5
Wed,18:58:57,Asia-Northeast-1,US-West-2,52.93.9.138,182,6
Wed,18:58:57,Asia-Northeast-1,US-West-2,52.93.9.151,174,7
Wed,18:58:57,Asia-Northeast-1,US-West-2,54.239.41.162,173,8
Wed,18:58:57,Asia-Northeast-1,US-West-2,54.239.52.128,173,9
Wed,18:58:57,Asia-Northeast-1,US-West-2,54.239.41.161,174,10
Wed,18:58:57,Asia-Northeast-1,US-West-2,54.239.43.43,174,11
Wed,18:58:57,Asia-Northeast-1,US-West-2,54.240.242.156,177,12
Wed,18:58:57,Asia-Northeast-1,US-West-2,54.240.242.212,174,13
Wed,18:58:57,Asia-Northeast-1,US-West-2,54.240.242.12,178,14
Wed,18:58:57,Asia-Northeast-1,US-West-2,54.240.242.127,175,15
Wed,18:58:57,Asia-Northeast-1,US-West-2,205.251.229.158,175,16
Wed,18:58:57,Asia-Northeast-1,US-West-2,100.64.16.74,175,17
Wed,18:58:57,Asia-Northeast-1,US-West-2,100.64.0.63,175,18
Wed,18:58:57,Asia-Northeast-1,US-West-2,100.64.2.88,176,19
Wed,18:58:57,Asia-Northeast-1,US-West-2,54.153.87.95,175,20
Wed,19:04:35,Asia-Northeast-1,US-West-2,175.41.128.202,13,1
Wed,19:04:35,Asia-Northeast-1,US-West-2,100.66.0.172,20,2
Wed,19:04:35,Asia-Northeast-1,US-West-2,100.66.0.83,21,3
Wed,19:04:35,Asia-Northeast-1,US-West-2,100.65.0.33,0,4
Wed,19:04:35,Asia-Northeast-1,US-West-2,203.83.223.18,174,5
Wed,19:04:35,Asia-Northeast-1,US-West-2,52.93.9.94,183,6
Wed,19:04:35,Asia-Northeast-1,US-West-2,52.93.9.173,174,7
Wed,19:04:35,Asia-Northeast-1,US-West-2,54.239.41.162,174,8
Wed,19:04:35,Asia-Northeast-1,US-West-2,54.239.52.128,174,9
Wed,19:04:35,Asia-Northeast-1,US-West-2,54.239.41.161,174,10
Wed,19:04:35,Asia-Northeast-1,US-West-2,54.239.43.43,174,11
Wed,19:04:35,Asia-Northeast-1,US-West-2,54.240.242.96,183,12
Wed,19:04:35,Asia-Northeast-1,US-West-2,54.240.242.131,173,13
Wed,19:04:35,Asia-Northeast-1,US-West-2,52.93.70.200,182,14
Wed,19:04:35,Asia-Northeast-1,US-West-2,54.240.242.167,175,15
Wed,19:04:35,Asia-Northeast-1,US-West-2,205.251.229.158,177,16
Wed,19:04:35,Asia-Northeast-1,US-West-2,100.64.16.14,177,17
Wed,19:04:35,Asia-Northeast-1,US-West-2,100.64.0.193,176,18
Wed,19:04:35,Asia-Northeast-1,US-West-2,100.64.2.10,176,19
Wed,19:04:35,Asia-Northeast-1,US-West-2,54.153.87.95,176,20
Wed,19:10:14,Asia-Northeast-1,US-West-2,175.41.128.204,14,1
Wed,19:10:14,Asia-Northeast-1,US-West-2,100.66.0.154,17,2
Wed,19:10:14,Asia-Northeast-1,US-West-2,100.66.0.19,16,3
Wed,19:10:14,Asia-Northeast-1,US-West-2,100.65.0.129,0,4
Wed,19:10:14,Asia-Northeast-1,US-West-2,203.83.223.76,174,5
Wed,19:10:14,Asia-Northeast-1,US-West-2,52.93.9.28,178,6
Wed,19:10:14,Asia-Northeast-1,US-West-2,52.93.9.129,173,7
Wed,19:10:14,Asia-Northeast-1,US-West-2,54.239.41.162,174,8
Wed,19:10:14,Asia-Northeast-1,US-West-2,54.239.52.128,174,9
Wed,19:10:14,Asia-Northeast-1,US-West-2,54.239.41.161,174,10
Wed,19:10:14,Asia-Northeast-1,US-West-2,54.239.43.43,174,11
Wed,19:10:14,Asia-Northeast-1,US-West-2,54.240.242.136,175,12
Wed,19:10:14,Asia-Northeast-1,US-West-2,52.93.70.189,174,13
Wed,19:10:14,Asia-Northeast-1,US-West-2,52.93.70.204,201,14
Wed,19:10:14,Asia-Northeast-1,US-West-2,54.240.242.107,175,15
Wed,19:10:14,Asia-Northeast-1,US-West-2,205.251.229.158,176,16
Wed,19:10:14,Asia-Northeast-1,US-West-2,100.64.16.66,175,17
Wed,19:10:14,Asia-Northeast-1,US-West-2,100.64.0.179,175,18
Wed,19:10:14,Asia-Northeast-1,US-West-2,100.64.2.212,175,19
Wed,19:10:14,Asia-Northeast-1,US-West-2,54.153.87.95,175,20
Wed,19:15:47,Asia-Northeast-1,US-West-2,175.41.128.208,19,1
Wed,19:15:47,Asia-Northeast-1,US-West-2,100.66.0.230,10,2
Wed,19:15:47,Asia-Northeast-1,US-West-2,100.66.0.107,39,3
Wed,19:15:47,Asia-Northeast-1,US-West-2,100.65.0.161,0,4
Wed,19:15:47,Asia-Northeast-1,US-West-2,203.83.223.18,175,5
Wed,19:15:47,Asia-Northeast-1,US-West-2,52.93.9.116,179,6
Wed,19:15:47,Asia-Northeast-1,US-West-2,52.93.9.107,173,7
Wed,19:15:47,Asia-Northeast-1,US-West-2,54.239.41.162,174,8
Wed,19:15:47,Asia-Northeast-1,US-West-2,54.239.52.128,174,9
Wed,19:15:47,Asia-Northeast-1,US-West-2,54.239.41.161,173,10
Wed,19:15:47,Asia-Northeast-1,US-West-2,54.239.43.43,174,11
Wed,19:15:47,Asia-Northeast-1,US-West-2,54.240.242.16,178,12
Wed,19:15:47,Asia-Northeast-1,US-West-2,54.240.242.216,174,13
Wed,19:15:47,Asia-Northeast-1,US-West-2,54.240.242.112,187,14
Wed,19:15:47,Asia-Northeast-1,US-West-2,54.240.242.167,175,15
Wed,19:15:47,Asia-Northeast-1,US-West-2,72.21.222.17,175,16
Wed,19:15:47,Asia-Northeast-1,US-West-2,100.64.16.80,175,17
Wed,19:15:47,Asia-Northeast-1,US-West-2,100.64.0.193,175,18
Wed,19:15:47,Asia-Northeast-1,US-West-2,100.64.2.174,175,19
Wed,19:15:47,Asia-Northeast-1,US-West-2,54.153.87.95,175,20
Wed,19:31:41,Asia-Northeast-1,US-West-2,175.41.128.206,25,1
Wed,19:31:41,Asia-Northeast-1,US-West-2,100.66.0.232,19,2
Wed,19:31:41,Asia-Northeast-1,US-West-2,100.66.0.125,14,3
Wed,19:31:41,Asia-Northeast-1,US-West-2,100.65.0.129,0,4
Wed,19:31:41,Asia-Northeast-1,US-West-2,203.83.223.76,174,5
Wed,19:31:41,Asia-Northeast-1,US-West-2,52.93.9.160,174,6
Wed,19:31:41,Asia-Northeast-1,US-West-2,52.93.9.63,173,7
Wed,19:31:41,Asia-Northeast-1,US-West-2,54.239.41.162,174,8
Wed,19:31:41,Asia-Northeast-1,US-West-2,54.239.52.128,173,9
Wed,19:31:41,Asia-Northeast-1,US-West-2,54.239.41.161,174,10
Wed,19:31:41,Asia-Northeast-1,US-West-2,54.239.43.43,174,11
Wed,19:31:41,Asia-Northeast-1,US-West-2,54.240.242.56,177,12
Wed,19:31:41,Asia-Northeast-1,US-West-2,52.93.70.195,174,13
Wed,19:31:41,Asia-Northeast-1,US-West-2,54.240.242.108,232,14
Wed,19:31:41,Asia-Northeast-1,US-West-2,54.240.242.87,176,15
Wed,19:31:41,Asia-Northeast-1,US-West-2,205.251.229.158,175,16
Wed,19:31:41,Asia-Northeast-1,US-West-2,100.64.16.74,175,17
Wed,19:31:41,Asia-Northeast-1,US-West-2,100.64.0.117,175,18
Wed,19:31:41,Asia-Northeast-1,US-West-2,100.64.2.84,176,19
Wed,19:31:41,Asia-Northeast-1,US-West-2,52.53.195.20,175,20
Wed,19:37:19,Asia-Northeast-1,US-West-2,175.41.128.208,16,1
Wed,19:37:19,Asia-Northeast-1,US-West-2,100.66.0.196,13,2
Wed,19:37:19,Asia-Northeast-1,US-West-2,100.66.0.63,12,3
Wed,19:37:19,Asia-Northeast-1,US-West-2,100.65.0.129,0,4
Wed,19:37:19,Asia-Northeast-1,US-West-2,203.83.223.76,174,5
Wed,19:37:19,Asia-Northeast-1,US-West-2,52.93.9.116,181,6
Wed,19:37:19,Asia-Northeast-1,US-West-2,52.93.9.151,173,7
Wed,19:37:19,Asia-Northeast-1,US-West-2,54.239.41.162,174,8
Wed,19:37:19,Asia-Northeast-1,US-West-2,54.239.52.128,174,9
Wed,19:37:19,Asia-Northeast-1,US-West-2,54.239.41.161,173,10
Wed,19:37:19,Asia-Northeast-1,US-West-2,54.239.43.43,174,11
Wed,19:37:19,Asia-Northeast-1,US-West-2,54.240.242.116,180,12
Wed,19:37:19,Asia-Northeast-1,US-West-2,54.240.242.218,174,13
Wed,19:37:19,Asia-Northeast-1,US-West-2,52.93.70.176,185,14
Wed,19:37:19,Asia-Northeast-1,US-West-2,54.240.242.87,175,15
Wed,19:37:19,Asia-Northeast-1,US-West-2,205.251.229.158,175,16
Wed,19:37:19,Asia-Northeast-1,US-West-2,100.64.16.204,175,17
Wed,19:37:19,Asia-Northeast-1,US-West-2,100.64.0.47,175,18
Wed,19:37:19,Asia-Northeast-1,US-West-2,100.64.2.102,176,19
Wed,19:37:19,Asia-Northeast-1,US-West-2,52.53.195.20,175,20
Wed,19:42:57,Asia-Northeast-1,US-West-2,175.41.128.206,14,1
Wed,19:42:57,Asia-Northeast-1,US-West-2,100.66.0.228,11,2
Wed,19:42:57,Asia-Northeast-1,US-West-2,100.66.0.53,17,3
Wed,19:42:57,Asia-Northeast-1,US-West-2,100.65.1.129,0,4
Wed,19:42:57,Asia-Northeast-1,US-West-2,203.83.223.18,174,5
Wed,19:42:57,Asia-Northeast-1,US-West-2,52.93.9.94,177,6
Wed,19:42:57,Asia-Northeast-1,US-West-2,52.93.9.41,174,7
Wed,19:42:57,Asia-Northeast-1,US-West-2,54.239.41.162,173,8
Wed,19:42:57,Asia-Northeast-1,US-West-2,54.239.52.128,173,9
Wed,19:42:57,Asia-Northeast-1,US-West-2,54.239.41.161,173,10
Wed,19:42:57,Asia-Northeast-1,US-West-2,54.239.43.43,175,11
Wed,19:42:57,Asia-Northeast-1,US-West-2,54.240.242.116,185,12
Wed,19:42:57,Asia-Northeast-1,US-West-2,52.93.70.195,174,13
Wed,19:42:57,Asia-Northeast-1,US-West-2,52.93.70.206,186,14
Wed,19:42:57,Asia-Northeast-1,US-West-2,54.240.242.27,175,15
Wed,19:42:57,Asia-Northeast-1,US-West-2,205.251.229.158,175,16
Wed,19:42:57,Asia-Northeast-1,US-West-2,100.64.16.132,175,17
Wed,19:42:57,Asia-Northeast-1,US-West-2,100.64.0.75,177,18
Wed,19:42:57,Asia-Northeast-1,US-West-2,100.64.2.168,175,19
Wed,19:42:57,Asia-Northeast-1,US-West-2,52.53.195.20,175,20
Wed,19:48:40,Asia-Northeast-1,US-West-2,175.41.128.202,20,1
Wed,19:48:40,Asia-Northeast-1,US-West-2,100.66.0.146,11,2
Wed,19:48:40,Asia-Northeast-1,US-West-2,100.66.0.125,22,3
Wed,19:48:40,Asia-Northeast-1,US-West-2,100.65.1.1,0,4
Wed,19:48:40,Asia-Northeast-1,US-West-2,203.83.223.76,174,5
Wed,19:48:40,Asia-Northeast-1,US-West-2,52.93.9.116,183,6
Wed,19:48:40,Asia-Northeast-1,US-West-2,52.93.9.107,187,7
Wed,19:48:40,Asia-Northeast-1,US-West-2,54.239.41.162,173,8
Wed,19:48:40,Asia-Northeast-1,US-West-2,54.239.52.128,173,9
Wed,19:48:40,Asia-Northeast-1,US-West-2,54.239.41.161,174,10
Wed,19:48:40,Asia-Northeast-1,US-West-2,54.239.43.43,174,11
Wed,19:48:40,Asia-Northeast-1,US-West-2,54.240.242.96,180,12
Wed,19:48:40,Asia-Northeast-1,US-West-2,54.240.242.212,174,13
Wed,19:48:40,Asia-Northeast-1,US-West-2,54.240.242.50,177,14
Wed,19:48:40,Asia-Northeast-1,US-West-2,54.240.242.167,175,15
Wed,19:48:40,Asia-Northeast-1,US-West-2,72.21.222.17,175,16
Wed,19:48:40,Asia-Northeast-1,US-West-2,100.64.16.236,175,17
Wed,19:48:40,Asia-Northeast-1,US-West-2,100.64.0.13,175,18
Wed,19:48:40,Asia-Northeast-1,US-West-2,100.64.2.44,175,19
Wed,19:48:40,Asia-Northeast-1,US-West-2,52.53.195.20,175,20
Wed,19:54:14,Asia-Northeast-1,US-West-2,175.41.128.206,13,1
Wed,19:54:14,Asia-Northeast-1,US-West-2,100.66.0.188,14,2
Wed,19:54:14,Asia-Northeast-1,US-West-2,100.66.0.115,13,3
Wed,19:54:14,Asia-Northeast-1,US-West-2,100.65.0.1,0,4
Wed,19:54:14,Asia-Northeast-1,US-West-2,203.83.223.18,174,5
Wed,19:54:14,Asia-Northeast-1,US-West-2,52.93.9.116,177,6
Wed,19:54:14,Asia-Northeast-1,US-West-2,52.93.9.151,173,7
Wed,19:54:14,Asia-Northeast-1,US-West-2,54.239.41.162,175,8
Wed,19:54:14,Asia-Northeast-1,US-West-2,54.239.52.128,173,9
Wed,19:54:14,Asia-Northeast-1,US-West-2,54.239.41.161,173,10
Wed,19:54:14,Asia-Northeast-1,US-West-2,54.239.43.43,174,11
Wed,19:54:14,Asia-Northeast-1,US-West-2,54.240.242.76,174,12
Wed,19:54:14,Asia-Northeast-1,US-West-2,54.240.242.11,174,13
Wed,19:54:14,Asia-Northeast-1,US-West-2,54.240.242.211,180,14
Wed,19:54:14,Asia-Northeast-1,US-West-2,54.240.242.67,175,15
Wed,19:54:14,Asia-Northeast-1,US-West-2,72.21.222.17,175,16
Wed,19:54:14,Asia-Northeast-1,US-West-2,100.64.16.156,175,17
Wed,19:54:14,Asia-Northeast-1,US-West-2,100.64.0.91,175,18
Wed,19:54:14,Asia-Northeast-1,US-West-2,100.64.2.188,175,19
Wed,19:54:14,Asia-Northeast-1,US-West-2,52.53.195.20,175,20
Wed,19:59:57,Asia-Northeast-1,US-West-2,175.41.128.208,14,1
Wed,19:59:57,Asia-Northeast-1,US-West-2,100.66.0.134,15,2
Wed,19:59:57,Asia-Northeast-1,US-West-2,100.66.0.37,15,3
Wed,19:59:57,Asia-Northeast-1,US-West-2,100.65.1.33,0,4
Wed,19:59:57,Asia-Northeast-1,US-West-2,203.83.223.76,174,5
Wed,19:59:57,Asia-Northeast-1,US-West-2,52.93.9.94,177,6
Wed,19:59:57,Asia-Northeast-1,US-West-2,52.93.9.107,173,7
Wed,19:59:57,Asia-Northeast-1,US-West-2,54.239.41.162,174,8
Wed,19:59:57,Asia-Northeast-1,US-West-2,54.239.52.128,173,9
Wed,19:59:57,Asia-Northeast-1,US-West-2,54.239.41.161,173,10
Wed,19:59:57,Asia-Northeast-1,US-West-2,54.239.43.43,174,11
Wed,19:59:57,Asia-Northeast-1,US-West-2,54.240.242.16,184,12
Wed,19:59:57,Asia-Northeast-1,US-West-2,54.240.242.33,174,13
Wed,19:59:57,Asia-Northeast-1,US-West-2,54.240.242.128,179,14
Wed,19:59:57,Asia-Northeast-1,US-West-2,54.240.242.167,175,15
Wed,19:59:57,Asia-Northeast-1,US-West-2,72.21.222.17,175,16
Wed,19:59:57,Asia-Northeast-1,US-West-2,100.64.16.22,175,17
Wed,19:59:57,Asia-Northeast-1,US-West-2,100.64.0.39,175,18
Wed,19:59:57,Asia-Northeast-1,US-West-2,100.64.2.68,175,19
Wed,19:59:57,Asia-Northeast-1,US-West-2,52.53.195.20,175,20
Wed,20:05:35,Asia-Northeast-1,US-West-2,175.41.128.202,20,1
Wed,20:05:35,Asia-Northeast-1,US-West-2,100.66.0.192,15,2
Wed,20:05:35,Asia-Northeast-1,US-West-2,100.66.0.125,12,3
Wed,20:05:35,Asia-Northeast-1,US-West-2,100.65.1.33,0,4
Wed,20:05:35,Asia-Northeast-1,US-West-2,203.83.223.18,174,5
Wed,20:05:35,Asia-Northeast-1,US-West-2,52.93.9.72,181,6
Wed,20:05:35,Asia-Northeast-1,US-West-2,52.93.9.173,173,7
Wed,20:05:35,Asia-Northeast-1,US-West-2,54.239.41.162,173,8
Wed,20:05:35,Asia-Northeast-1,US-West-2,54.239.52.128,173,9
Wed,20:05:35,Asia-Northeast-1,US-West-2,54.239.41.161,173,10
Wed,20:05:35,Asia-Northeast-1,US-West-2,54.239.43.43,173,11
Wed,20:05:35,Asia-Northeast-1,US-West-2,54.240.242.36,889,12
Wed,20:05:35,Asia-Northeast-1,US-West-2,52.93.70.203,173,13
Wed,20:05:35,Asia-Northeast-1,US-West-2,54.240.242.128,700,14
Wed,20:05:35,Asia-Northeast-1,US-West-2,54.240.242.147,175,15
Wed,20:05:35,Asia-Northeast-1,US-West-2,205.251.229.158,175,16
Wed,20:05:35,Asia-Northeast-1,US-West-2,100.64.16.122,175,17
Wed,20:05:35,Asia-Northeast-1,US-West-2,100.64.0.189,175,18
Wed,20:05:35,Asia-Northeast-1,US-West-2,100.64.2.18,175,19
Wed,20:05:35,Asia-Northeast-1,US-West-2,52.53.195.20,175,20
Wed,20:11:18,Asia-Northeast-1,US-West-2,175.41.128.206,15,1
Wed,20:11:18,Asia-Northeast-1,US-West-2,100.66.0.132,34,2
Wed,20:11:18,Asia-Northeast-1,US-West-2,100.66.0.109,21,3
Wed,20:11:18,Asia-Northeast-1,US-West-2,100.65.1.33,0,4
Wed,20:11:18,Asia-Northeast-1,US-West-2,203.83.223.76,174,5
Wed,20:11:18,Asia-Northeast-1,US-West-2,52.93.9.182,180,6
Wed,20:11:18,Asia-Northeast-1,US-West-2,52.93.9.41,174,7
Wed,20:11:18,Asia-Northeast-1,US-West-2,54.239.41.162,173,8
Wed,20:11:18,Asia-Northeast-1,US-West-2,54.239.52.128,173,9
Wed,20:11:18,Asia-Northeast-1,US-West-2,54.239.41.161,174,10
Wed,20:11:18,Asia-Northeast-1,US-West-2,54.239.43.43,174,11
Wed,20:11:18,Asia-Northeast-1,US-West-2,54.240.242.36,185,12
Wed,20:11:18,Asia-Northeast-1,US-West-2,54.240.242.206,173,13
Wed,20:11:18,Asia-Northeast-1,US-West-2,54.240.242.110,181,14
Wed,20:11:18,Asia-Northeast-1,US-West-2,54.240.242.27,175,15
Wed,20:11:18,Asia-Northeast-1,US-West-2,72.21.222.17,175,16
Wed,20:11:18,Asia-Northeast-1,US-West-2,100.64.16.16,179,17
Wed,20:11:18,Asia-Northeast-1,US-West-2,100.64.0.33,185,18
Wed,20:11:18,Asia-Northeast-1,US-West-2,100.64.2.186,175,19
Wed,20:11:18,Asia-Northeast-1,US-West-2,52.53.195.20,175,20
Wed,20:17:02,Asia-Northeast-1,US-West-2,175.41.128.206,13,1
Wed,20:17:02,Asia-Northeast-1,US-West-2,100.66.0.192,14,2
Wed,20:17:02,Asia-Northeast-1,US-West-2,100.66.0.19,20,3
Wed,20:17:02,Asia-Northeast-1,US-West-2,100.65.0.33,0,4
Wed,20:17:02,Asia-Northeast-1,US-West-2,203.83.223.18,179,5
Wed,20:17:02,Asia-Northeast-1,US-West-2,52.93.9.28,176,6
Wed,20:17:02,Asia-Northeast-1,US-West-2,52.93.9.19,173,7
Wed,20:17:02,Asia-Northeast-1,US-West-2,54.239.41.162,178,8
Wed,20:17:02,Asia-Northeast-1,US-West-2,54.239.52.128,174,9
Wed,20:17:02,Asia-Northeast-1,US-West-2,54.239.41.161,179,10
Wed,20:17:02,Asia-Northeast-1,US-West-2,54.239.43.43,178,11
Wed,20:17:02,Asia-Northeast-1,US-West-2,54.240.242.56,175,12
Wed,20:17:02,Asia-Northeast-1,US-West-2,54.240.242.89,174,13
Wed,20:17:02,Asia-Northeast-1,US-West-2,52.93.70.178,187,14
Wed,20:17:02,Asia-Northeast-1,US-West-2,54.240.242.47,175,15
Wed,20:17:02,Asia-Northeast-1,US-West-2,205.251.229.158,176,16
Wed,20:17:02,Asia-Northeast-1,US-West-2,100.64.16.172,175,17
Wed,20:17:02,Asia-Northeast-1,US-West-2,100.64.0.171,181,18
Wed,20:17:02,Asia-Northeast-1,US-West-2,100.64.2.46,180,19
Wed,20:17:02,Asia-Northeast-1,US-West-2,52.53.195.20,175,20
Wed,20:22:41,Asia-Northeast-1,US-West-2,175.41.128.204,14,1
Wed,20:22:41,Asia-Northeast-1,US-West-2,100.66.0.140,13,2
Wed,20:22:41,Asia-Northeast-1,US-West-2,100.66.0.1,18,3
Wed,20:22:41,Asia-Northeast-1,US-West-2,100.65.1.33,0,4
Wed,20:22:41,Asia-Northeast-1,US-West-2,203.83.223.76,174,5
Wed,20:22:41,Asia-Northeast-1,US-West-2,52.93.9.72,177,6
Wed,20:22:41,Asia-Northeast-1,US-West-2,52.93.9.151,174,7
Wed,20:22:41,Asia-Northeast-1,US-West-2,54.239.41.162,174,8
Wed,20:22:41,Asia-Northeast-1,US-West-2,54.239.52.128,174,9
Wed,20:22:41,Asia-Northeast-1,US-West-2,54.239.41.161,174,10
Wed,20:22:41,Asia-Northeast-1,US-West-2,54.239.43.43,173,11
Wed,20:22:41,Asia-Northeast-1,US-West-2,54.240.242.156,183,12
Wed,20:22:41,Asia-Northeast-1,US-West-2,52.93.70.193,173,13
Wed,20:22:41,Asia-Northeast-1,US-West-2,52.93.70.196,181,14
Wed,20:22:41,Asia-Northeast-1,US-West-2,54.240.242.127,175,15
Wed,20:22:41,Asia-Northeast-1,US-West-2,72.21.222.17,175,16
Wed,20:22:41,Asia-Northeast-1,US-West-2,100.64.16.170,175,17
Wed,20:22:41,Asia-Northeast-1,US-West-2,100.64.0.149,175,18
Wed,20:22:41,Asia-Northeast-1,US-West-2,100.64.2.92,175,19
Wed,20:22:41,Asia-Northeast-1,US-West-2,52.53.195.20,175,20
Wed,20:28:30,Asia-Northeast-1,US-West-2,175.41.128.206,13,1
Wed,20:28:30,Asia-Northeast-1,US-West-2,100.66.0.176,22,2
Wed,20:28:30,Asia-Northeast-1,US-West-2,100.66.0.33,18,3
Wed,20:28:30,Asia-Northeast-1,US-West-2,100.65.0.33,0,4
Wed,20:28:30,Asia-Northeast-1,US-West-2,203.83.223.76,174,5
Wed,20:28:30,Asia-Northeast-1,US-West-2,52.93.9.94,174,6
Wed,20:28:30,Asia-Northeast-1,US-West-2,52.93.9.19,174,7
Wed,20:28:30,Asia-Northeast-1,US-West-2,54.239.41.162,174,8
Wed,20:28:30,Asia-Northeast-1,US-West-2,54.239.52.128,174,9
Wed,20:28:30,Asia-Northeast-1,US-West-2,54.239.41.161,174,10
Wed,20:28:30,Asia-Northeast-1,US-West-2,54.239.43.43,174,11
Wed,20:28:30,Asia-Northeast-1,US-West-2,54.240.242.16,179,12
Wed,20:28:30,Asia-Northeast-1,US-West-2,54.240.242.11,174,13
Wed,20:28:30,Asia-Northeast-1,US-West-2,52.93.70.198,185,14
Wed,20:28:30,Asia-Northeast-1,US-West-2,54.240.242.167,175,15
Wed,20:28:30,Asia-Northeast-1,US-West-2,72.21.222.17,175,16
Wed,20:28:30,Asia-Northeast-1,US-West-2,100.64.16.156,175,17
Wed,20:28:30,Asia-Northeast-1,US-West-2,100.64.0.11,175,18
Wed,20:28:30,Asia-Northeast-1,US-West-2,100.64.2.2,175,19
Wed,20:28:30,Asia-Northeast-1,US-West-2,52.53.195.20,175,20
Wed,20:34:04,Asia-Northeast-1,US-West-2,175.41.128.208,16,1
Wed,20:34:04,Asia-Northeast-1,US-West-2,100.66.0.146,13,2
Wed,20:34:04,Asia-Northeast-1,US-West-2,100.66.0.65,44,3
Wed,20:34:04,Asia-Northeast-1,US-West-2,100.65.0.33,0,4
Wed,20:34:04,Asia-Northeast-1,US-West-2,203.83.223.76,174,5
Wed,20:34:04,Asia-Northeast-1,US-West-2,52.93.9.28,180,6
Wed,20:34:04,Asia-Northeast-1,US-West-2,52.93.9.19,173,7
Wed,20:34:04,Asia-Northeast-1,US-West-2,54.239.41.162,174,8
Wed,20:34:04,Asia-Northeast-1,US-West-2,54.239.52.128,186,9
Wed,20:34:04,Asia-Northeast-1,US-West-2,54.239.41.161,174,10
Wed,20:34:04,Asia-Northeast-1,US-West-2,54.239.43.43,174,11
Wed,20:34:04,Asia-Northeast-1,US-West-2,54.240.242.76,180,12
Wed,20:34:04,Asia-Northeast-1,US-West-2,54.240.242.69,174,13
Wed,20:34:04,Asia-Northeast-1,US-West-2,52.93.70.180,184,14
Wed,20:34:04,Asia-Northeast-1,US-West-2,54.240.242.107,175,15
Wed,20:34:04,Asia-Northeast-1,US-West-2,205.251.229.158,175,16
Wed,20:34:04,Asia-Northeast-1,US-West-2,100.64.16.238,177,17
Wed,20:34:04,Asia-Northeast-1,US-West-2,100.64.0.181,175,18
Wed,20:34:04,Asia-Northeast-1,US-West-2,100.64.2.28,175,19
Wed,20:34:04,Asia-Northeast-1,US-West-2,52.53.195.20,175,20
Wed,20:39:38,Asia-Northeast-1,US-West-2,175.41.128.204,14,1
Wed,20:39:38,Asia-Northeast-1,US-West-2,100.66.0.230,14,2
Wed,20:39:38,Asia-Northeast-1,US-West-2,100.66.0.107,20,3
Wed,20:39:38,Asia-Northeast-1,US-West-2,100.65.1.129,0,4
Wed,20:39:38,Asia-Northeast-1,US-West-2,203.83.223.76,174,5
Wed,20:39:38,Asia-Northeast-1,US-West-2,52.93.9.116,183,6
Wed,20:39:38,Asia-Northeast-1,US-West-2,52.93.9.151,175,7
Wed,20:39:38,Asia-Northeast-1,US-West-2,54.239.41.162,174,8
Wed,20:39:38,Asia-Northeast-1,US-West-2,54.239.52.128,174,9
Wed,20:39:38,Asia-Northeast-1,US-West-2,54.239.41.161,174,10
Wed,20:39:38,Asia-Northeast-1,US-West-2,54.239.43.43,174,11
Wed,20:39:38,Asia-Northeast-1,US-West-2,54.240.242.116,194,12
Wed,20:39:38,Asia-Northeast-1,US-West-2,54.240.242.51,174,13
Wed,20:39:38,Asia-Northeast-1,US-West-2,54.240.242.130,175,14
Wed,20:39:38,Asia-Northeast-1,US-West-2,54.240.242.127,177,15
Wed,20:39:38,Asia-Northeast-1,US-West-2,205.251.229.158,175,16
Wed,20:39:38,Asia-Northeast-1,US-West-2,100.64.16.100,175,17
Wed,20:39:38,Asia-Northeast-1,US-West-2,100.64.0.197,175,18
Wed,20:39:38,Asia-Northeast-1,US-West-2,100.64.2.202,176,19
Wed,20:39:38,Asia-Northeast-1,US-West-2,52.53.195.20,175,20
Wed,20:45:11,Asia-Northeast-1,US-West-2,175.41.128.202,13,1
Wed,20:45:11,Asia-Northeast-1,US-West-2,100.66.0.136,15,2
Wed,20:45:11,Asia-Northeast-1,US-West-2,100.66.0.29,21,3
Wed,20:45:11,Asia-Northeast-1,US-West-2,100.65.1.33,0,4
Wed,20:45:11,Asia-Northeast-1,US-West-2,203.83.223.18,174,5
Wed,20:45:11,Asia-Northeast-1,US-West-2,52.93.9.72,176,6
Wed,20:45:11,Asia-Northeast-1,US-West-2,52.93.9.129,173,7
Wed,20:45:11,Asia-Northeast-1,US-West-2,54.239.41.162,174,8
Wed,20:45:11,Asia-Northeast-1,US-West-2,54.239.52.128,174,9
Wed,20:45:11,Asia-Northeast-1,US-West-2,54.239.41.161,174,10
Wed,20:45:11,Asia-Northeast-1,US-West-2,54.239.43.43,174,11
Wed,20:45:11,Asia-Northeast-1,US-West-2,54.240.242.16,181,12
Wed,20:45:11,Asia-Northeast-1,US-West-2,54.240.242.29,177,13
Wed,20:45:11,Asia-Northeast-1,US-West-2,54.240.242.128,178,14
Wed,20:45:11,Asia-Northeast-1,US-West-2,54.240.242.27,175,15
Wed,20:45:11,Asia-Northeast-1,US-West-2,72.21.222.17,175,16
Wed,20:45:11,Asia-Northeast-1,US-West-2,100.64.16.66,175,17
Wed,20:45:11,Asia-Northeast-1,US-West-2,100.64.0.207,175,18
Wed,20:45:11,Asia-Northeast-1,US-West-2,100.64.2.64,176,19
Wed,20:45:11,Asia-Northeast-1,US-West-2,52.53.195.20,175,20
Wed,20:50:45,Asia-Northeast-1,US-West-2,175.41.128.202,19,1
Wed,20:50:45,Asia-Northeast-1,US-West-2,100.66.0.214,22,2
Wed,20:50:45,Asia-Northeast-1,US-West-2,100.66.0.127,14,3
Wed,20:50:45,Asia-Northeast-1,US-West-2,100.65.0.33,7,4
Wed,20:50:45,Asia-Northeast-1,US-West-2,203.83.223.18,174,5
Wed,20:50:45,Asia-Northeast-1,US-West-2,52.93.9.160,175,6
Wed,20:50:45,Asia-Northeast-1,US-West-2,52.93.9.19,174,7
Wed,20:50:45,Asia-Northeast-1,US-West-2,54.239.41.162,174,8
Wed,20:50:45,Asia-Northeast-1,US-West-2,54.239.52.128,174,9
Wed,20:50:45,Asia-Northeast-1,US-West-2,54.239.41.161,174,10
Wed,20:50:45,Asia-Northeast-1,US-West-2,54.239.43.43,177,11
Wed,20:50:45,Asia-Northeast-1,US-West-2,54.240.242.36,192,12
Wed,20:50:45,Asia-Northeast-1,US-West-2,54.240.242.11,174,13
Wed,20:50:45,Asia-Northeast-1,US-West-2,54.240.242.112,192,14
Wed,20:50:45,Asia-Northeast-1,US-West-2,54.240.242.167,177,15
Wed,20:50:45,Asia-Northeast-1,US-West-2,205.251.229.158,175,16
Wed,20:50:45,Asia-Northeast-1,US-West-2,100.64.16.152,175,17
Wed,20:50:45,Asia-Northeast-1,US-West-2,100.64.0.17,175,18
Wed,20:50:45,Asia-Northeast-1,US-West-2,100.64.2.54,175,19
Wed,20:50:45,Asia-Northeast-1,US-West-2,52.53.195.20,175,20
Wed,20:56:44,Asia-Northeast-1,US-West-2,175.41.128.202,12,1
Wed,20:56:44,Asia-Northeast-1,US-West-2,100.66.0.222,22,2
Wed,20:56:44,Asia-Northeast-1,US-West-2,100.66.0.99,19,3
Wed,20:56:44,Asia-Northeast-1,US-West-2,100.65.1.161,0,4
Wed,20:56:44,Asia-Northeast-1,US-West-2,203.83.223.76,175,5
Wed,20:56:44,Asia-Northeast-1,US-West-2,52.93.9.116,181,6
Wed,20:56:44,Asia-Northeast-1,US-West-2,52.93.9.63,174,7
Wed,20:56:44,Asia-Northeast-1,US-West-2,54.239.41.162,174,8
Wed,20:56:44,Asia-Northeast-1,US-West-2,54.239.52.128,174,9
Wed,20:56:44,Asia-Northeast-1,US-West-2,54.239.41.161,174,10
Wed,20:56:44,Asia-Northeast-1,US-West-2,54.239.43.43,173,11
Wed,20:56:44,Asia-Northeast-1,US-West-2,54.240.242.116,188,12
Wed,20:56:44,Asia-Northeast-1,US-West-2,54.240.242.133,173,13
Wed,20:56:44,Asia-Northeast-1,US-West-2,52.93.70.184,180,14
Wed,20:56:44,Asia-Northeast-1,US-West-2,54.240.242.87,175,15
Wed,20:56:44,Asia-Northeast-1,US-West-2,205.251.229.158,175,16
Wed,20:56:44,Asia-Northeast-1,US-West-2,100.64.16.216,175,17
Wed,20:56:44,Asia-Northeast-1,US-West-2,100.64.0.233,175,18
Wed,20:56:44,Asia-Northeast-1,US-West-2,100.64.2.44,175,19
Wed,20:56:44,Asia-Northeast-1,US-West-2,52.53.195.20,175,20
Wed,21:02:22,Asia-Northeast-1,US-West-2,175.41.128.206,3,1
Wed,21:02:22,Asia-Northeast-1,US-West-2,100.66.0.190,20,2
Wed,21:02:22,Asia-Northeast-1,US-West-2,100.66.0.85,21,3
Wed,21:02:22,Asia-Northeast-1,US-West-2,100.65.0.129,1,4
Wed,21:02:22,Asia-Northeast-1,US-West-2,203.83.223.18,174,5
Wed,21:02:22,Asia-Northeast-1,US-West-2,52.93.9.28,174,6
Wed,21:02:22,Asia-Northeast-1,US-West-2,52.93.9.63,173,7
Wed,21:02:22,Asia-Northeast-1,US-West-2,54.239.41.162,174,8
Wed,21:02:22,Asia-Northeast-1,US-West-2,54.239.52.128,174,9
Wed,21:02:22,Asia-Northeast-1,US-West-2,54.239.41.161,174,10
Wed,21:02:22,Asia-Northeast-1,US-West-2,54.239.43.43,174,11
Wed,21:02:22,Asia-Northeast-1,US-West-2,54.240.242.56,186,12
Wed,21:02:22,Asia-Northeast-1,US-West-2,54.240.242.49,174,13
Wed,21:02:22,Asia-Northeast-1,US-West-2,52.93.70.192,179,14
Wed,21:02:22,Asia-Northeast-1,US-West-2,54.240.242.67,175,15
Wed,21:02:22,Asia-Northeast-1,US-West-2,205.251.229.158,175,16
Wed,21:02:22,Asia-Northeast-1,US-West-2,100.64.16.208,175,17
Wed,21:02:22,Asia-Northeast-1,US-West-2,100.64.0.157,175,18
Wed,21:02:22,Asia-Northeast-1,US-West-2,100.64.2.124,175,19
Wed,21:02:22,Asia-Northeast-1,US-West-2,52.53.195.20,175,20
Wed,21:07:55,Asia-Northeast-1,US-West-2,175.41.128.202,17,1
Wed,21:07:55,Asia-Northeast-1,US-West-2,100.66.0.130,13,2
Wed,21:07:55,Asia-Northeast-1,US-West-2,100.66.0.1,14,3
Wed,21:07:55,Asia-Northeast-1,US-West-2,100.65.0.129,0,4
Wed,21:07:55,Asia-Northeast-1,US-West-2,203.83.223.76,174,5
Wed,21:07:55,Asia-Northeast-1,US-West-2,52.93.9.138,180,6
Wed,21:07:55,Asia-Northeast-1,US-West-2,52.93.9.19,174,7
Wed,21:07:55,Asia-Northeast-1,US-West-2,54.239.41.162,174,8
Wed,21:07:55,Asia-Northeast-1,US-West-2,54.239.52.128,174,9
Wed,21:07:55,Asia-Northeast-1,US-West-2,54.239.41.161,174,10
Wed,21:07:55,Asia-Northeast-1,US-West-2,54.239.43.43,174,11
Wed,21:07:55,Asia-Northeast-1,US-West-2,54.240.242.16,179,12
Wed,21:07:55,Asia-Northeast-1,US-West-2,54.240.242.51,174,13
Wed,21:07:55,Asia-Northeast-1,US-West-2,54.240.242.207,186,14
Wed,21:07:55,Asia-Northeast-1,US-West-2,54.240.242.47,181,15
Wed,21:07:55,Asia-Northeast-1,US-West-2,72.21.222.17,176,16
Wed,21:07:55,Asia-Northeast-1,US-West-2,100.64.16.202,175,17
Wed,21:07:55,Asia-Northeast-1,US-West-2,100.64.0.125,175,18
Wed,21:07:55,Asia-Northeast-1,US-West-2,100.64.2.150,175,19
Wed,21:07:55,Asia-Northeast-1,US-West-2,52.53.195.20,175,20
Wed,21:13:33,Asia-Northeast-1,US-West-2,175.41.128.204,15,1
Wed,21:13:33,Asia-Northeast-1,US-West-2,100.66.0.136,12,2
Wed,21:13:33,Asia-Northeast-1,US-West-2,100.66.0.39,14,3
Wed,21:13:33,Asia-Northeast-1,US-West-2,100.65.0.33,0,4
Wed,21:13:33,Asia-Northeast-1,US-West-2,203.83.223.76,174,5
Wed,21:13:33,Asia-Northeast-1,US-West-2,52.93.9.182,178,6
Wed,21:13:33,Asia-Northeast-1,US-West-2,52.93.9.63,174,7
Wed,21:13:33,Asia-Northeast-1,US-West-2,54.239.41.162,174,8
Wed,21:13:33,Asia-Northeast-1,US-West-2,54.239.52.128,173,9
Wed,21:13:33,Asia-Northeast-1,US-West-2,54.239.41.161,174,10
Wed,21:13:33,Asia-Northeast-1,US-West-2,54.239.43.43,174,11
Wed,21:13:33,Asia-Northeast-1,US-West-2,54.240.242.56,189,12
Wed,21:13:33,Asia-Northeast-1,US-West-2,54.240.242.131,174,13
Wed,21:13:33,Asia-Northeast-1,US-West-2,52.93.70.176,185,14
Wed,21:13:33,Asia-Northeast-1,US-West-2,54.240.242.47,176,15
Wed,21:13:33,Asia-Northeast-1,US-West-2,72.21.222.17,175,16
Wed,21:13:33,Asia-Northeast-1,US-West-2,100.64.16.146,175,17
Wed,21:13:33,Asia-Northeast-1,US-West-2,100.64.0.45,176,18
Wed,21:13:33,Asia-Northeast-1,US-West-2,100.64.2.222,175,19
Wed,21:13:33,Asia-Northeast-1,US-West-2,52.53.195.20,175,20
Wed,21:19:06,Asia-Northeast-1,US-West-2,175.41.128.202,20,1
Wed,21:19:06,Asia-Northeast-1,US-West-2,100.66.0.222,14,2
Wed,21:19:06,Asia-Northeast-1,US-West-2,100.66.0.53,12,3
Wed,21:19:06,Asia-Northeast-1,US-West-2,100.65.0.1,0,4
Wed,21:19:06,Asia-Northeast-1,US-West-2,203.83.223.76,174,5
Wed,21:19:06,Asia-Northeast-1,US-West-2,52.93.9.138,177,6
Wed,21:19:06,Asia-Northeast-1,US-West-2,52.93.9.63,173,7
Wed,21:19:06,Asia-Northeast-1,US-West-2,54.239.41.162,182,8
Wed,21:19:06,Asia-Northeast-1,US-West-2,54.239.52.128,173,9
Wed,21:19:06,Asia-Northeast-1,US-West-2,54.239.41.161,174,10
Wed,21:19:06,Asia-Northeast-1,US-West-2,54.239.43.43,174,11
Wed,21:19:06,Asia-Northeast-1,US-West-2,54.240.242.136,180,12
Wed,21:19:06,Asia-Northeast-1,US-West-2,54.240.242.214,173,13
Wed,21:19:06,Asia-Northeast-1,US-West-2,54.240.242.32,192,14
Wed,21:19:06,Asia-Northeast-1,US-West-2,54.240.242.87,175,15
Wed,21:19:06,Asia-Northeast-1,US-West-2,205.251.229.158,175,16
Wed,21:19:06,Asia-Northeast-1,US-West-2,100.64.16.182,175,17
Wed,21:19:06,Asia-Northeast-1,US-West-2,100.64.0.23,175,18
Wed,21:19:06,Asia-Northeast-1,US-West-2,100.64.2.242,175,19
Wed,21:19:06,Asia-Northeast-1,US-West-2,52.53.195.20,175,20
Wed,21:24:50,Asia-Northeast-1,US-West-2,175.41.128.204,23,1
Wed,21:24:50,Asia-Northeast-1,US-West-2,100.66.0.194,13,2
Wed,21:24:50,Asia-Northeast-1,US-West-2,100.66.0.119,12,3
Wed,21:24:50,Asia-Northeast-1,US-West-2,100.65.0.129,0,4
Wed,21:24:50,Asia-Northeast-1,US-West-2,203.83.223.18,174,5
Wed,21:24:50,Asia-Northeast-1,US-West-2,52.93.9.28,183,6
Wed,21:24:50,Asia-Northeast-1,US-West-2,52.93.9.129,173,7
Wed,21:24:50,Asia-Northeast-1,US-West-2,54.239.41.162,174,8
Wed,21:24:50,Asia-Northeast-1,US-West-2,54.239.52.128,173,9
Wed,21:24:50,Asia-Northeast-1,US-West-2,54.239.41.161,174,10
Wed,21:24:50,Asia-Northeast-1,US-West-2,54.239.43.43,174,11
Wed,21:24:50,Asia-Northeast-1,US-West-2,54.240.242.136,188,12
Wed,21:24:50,Asia-Northeast-1,US-West-2,54.240.242.33,173,13
Wed,21:24:50,Asia-Northeast-1,US-West-2,54.240.242.92,178,14
Wed,21:24:50,Asia-Northeast-1,US-West-2,54.240.242.107,175,15
Wed,21:24:50,Asia-Northeast-1,US-West-2,205.251.229.158,175,16
Wed,21:24:50,Asia-Northeast-1,US-West-2,100.64.16.230,175,17
Wed,21:24:50,Asia-Northeast-1,US-West-2,100.64.0.169,175,18
Wed,21:24:50,Asia-Northeast-1,US-West-2,100.64.2.124,175,19
Wed,21:24:50,Asia-Northeast-1,US-West-2,52.53.195.20,175,20
Wed,21:30:29,Asia-Northeast-1,US-West-2,175.41.128.208,13,1
Wed,21:30:29,Asia-Northeast-1,US-West-2,100.66.0.200,19,2
Wed,21:30:29,Asia-Northeast-1,US-West-2,100.66.0.65,17,3
Wed,21:30:29,Asia-Northeast-1,US-West-2,100.65.1.33,0,4
Wed,21:30:29,Asia-Northeast-1,US-West-2,203.83.223.18,174,5
Wed,21:30:29,Asia-Northeast-1,US-West-2,52.93.9.138,177,6
Wed,21:30:29,Asia-Northeast-1,US-West-2,52.93.9.41,174,7
Wed,21:30:29,Asia-Northeast-1,US-West-2,54.239.41.162,173,8
Wed,21:30:29,Asia-Northeast-1,US-West-2,54.239.52.128,174,9
Wed,21:30:29,Asia-Northeast-1,US-West-2,54.239.41.161,174,10
Wed,21:30:29,Asia-Northeast-1,US-West-2,54.239.43.43,174,11
Wed,21:30:29,Asia-Northeast-1,US-West-2,54.240.242.76,186,12
Wed,21:30:29,Asia-Northeast-1,US-West-2,54.240.242.53,174,13
Wed,21:30:29,Asia-Northeast-1,US-West-2,52.93.70.186,179,14
Wed,21:30:29,Asia-Northeast-1,US-West-2,54.240.242.47,175,15
Wed,21:30:29,Asia-Northeast-1,US-West-2,72.21.222.17,175,16
Wed,21:30:29,Asia-Northeast-1,US-West-2,100.64.16.252,175,17
Wed,21:30:29,Asia-Northeast-1,US-West-2,100.64.0.123,175,18
Wed,21:30:29,Asia-Northeast-1,US-West-2,100.64.2.100,175,19
Wed,21:30:29,Asia-Northeast-1,US-West-2,52.53.195.20,175,20
Wed,21:36:12,Asia-Northeast-1,US-West-2,175.41.128.208,14,1
Wed,21:36:12,Asia-Northeast-1,US-West-2,100.66.0.240,20,2
Wed,21:36:12,Asia-Northeast-1,US-West-2,100.66.0.87,21,3
Wed,21:36:12,Asia-Northeast-1,US-West-2,100.65.0.1,0,4
Wed,21:36:12,Asia-Northeast-1,US-West-2,203.83.223.76,174,5
Wed,21:36:12,Asia-Northeast-1,US-West-2,52.93.9.50,175,6
Wed,21:36:12,Asia-Northeast-1,US-West-2,52.93.9.85,173,7
Wed,21:36:12,Asia-Northeast-1,US-West-2,54.239.41.162,174,8
Wed,21:36:12,Asia-Northeast-1,US-West-2,54.239.52.128,174,9
Wed,21:36:12,Asia-Northeast-1,US-West-2,54.239.41.161,174,10
Wed,21:36:12,Asia-Northeast-1,US-West-2,54.239.43.43,174,11
Wed,21:36:12,Asia-Northeast-1,US-West-2,54.240.242.16,183,12
Wed,21:36:12,Asia-Northeast-1,US-West-2,54.240.242.13,174,13
Wed,21:36:12,Asia-Northeast-1,US-West-2,52.93.70.188,183,14
Wed,21:36:12,Asia-Northeast-1,US-West-2,54.240.242.107,175,15
Wed,21:36:12,Asia-Northeast-1,US-West-2,205.251.229.158,176,16
Wed,21:36:12,Asia-Northeast-1,US-West-2,100.64.16.154,175,17
Wed,21:36:12,Asia-Northeast-1,US-West-2,100.64.0.255,176,18
Wed,21:36:12,Asia-Northeast-1,US-West-2,100.64.2.196,175,19
Wed,21:36:12,Asia-Northeast-1,US-West-2,52.53.195.20,175,20
Wed,21:42:06,Asia-Northeast-1,US-West-2,175.41.128.206,21,1
Wed,21:42:06,Asia-Northeast-1,US-West-2,100.66.0.138,17,2
Wed,21:42:06,Asia-Northeast-1,US-West-2,100.66.0.5,13,3
Wed,21:42:06,Asia-Northeast-1,US-West-2,100.65.0.129,0,4
Wed,21:42:06,Asia-Northeast-1,US-West-2,203.83.223.18,174,5
Wed,21:42:06,Asia-Northeast-1,US-West-2,52.93.9.28,174,6
Wed,21:42:06,Asia-Northeast-1,US-West-2,52.93.9.129,175,7
Wed,21:42:06,Asia-Northeast-1,US-West-2,54.239.41.162,174,8
Wed,21:42:06,Asia-Northeast-1,US-West-2,54.239.52.128,174,9
Wed,21:42:06,Asia-Northeast-1,US-West-2,54.239.41.161,174,10
Wed,21:42:06,Asia-Northeast-1,US-West-2,54.239.43.43,174,11
Wed,21:42:06,Asia-Northeast-1,US-West-2,54.240.242.136,183,12
Wed,21:42:06,Asia-Northeast-1,US-West-2,54.240.242.204,174,13
Wed,21:42:06,Asia-Northeast-1,US-West-2,52.93.70.180,179,14
Wed,21:42:06,Asia-Northeast-1,US-West-2,54.240.242.67,175,15
Wed,21:42:06,Asia-Northeast-1,US-West-2,205.251.229.158,175,16
Wed,21:42:06,Asia-Northeast-1,US-West-2,100.64.16.10,175,17
Wed,21:42:06,Asia-Northeast-1,US-West-2,100.64.0.17,175,18
Wed,21:42:06,Asia-Northeast-1,US-West-2,100.64.2.12,175,19
Wed,21:42:06,Asia-Northeast-1,US-West-2,52.53.195.20,175,20
Wed,21:47:39,Asia-Northeast-1,US-West-2,175.41.128.208,16,1
Wed,21:47:39,Asia-Northeast-1,US-West-2,100.66.0.166,19,2
Wed,21:47:39,Asia-Northeast-1,US-West-2,100.66.0.31,17,3
Wed,21:47:39,Asia-Northeast-1,US-West-2,100.65.0.33,0,4
Wed,21:47:39,Asia-Northeast-1,US-West-2,203.83.223.18,174,5
Wed,21:47:39,Asia-Northeast-1,US-West-2,52.93.9.116,177,6
Wed,21:47:39,Asia-Northeast-1,US-West-2,52.93.9.63,173,7
Wed,21:47:39,Asia-Northeast-1,US-West-2,54.239.41.162,174,8
Wed,21:47:39,Asia-Northeast-1,US-West-2,54.239.52.128,174,9
Wed,21:47:39,Asia-Northeast-1,US-West-2,54.239.41.161,174,10
Wed,21:47:39,Asia-Northeast-1,US-West-2,54.239.43.43,174,11
Wed,21:47:39,Asia-Northeast-1,US-West-2,54.240.242.96,185,12
Wed,21:47:39,Asia-Northeast-1,US-West-2,52.93.70.181,173,13
Wed,21:47:39,Asia-Northeast-1,US-West-2,54.240.242.207,182,14
Wed,21:47:39,Asia-Northeast-1,US-West-2,54.240.242.147,175,15
Wed,21:47:39,Asia-Northeast-1,US-West-2,72.21.222.17,175,16
Wed,21:47:39,Asia-Northeast-1,US-West-2,100.64.16.84,175,17
Wed,21:47:39,Asia-Northeast-1,US-West-2,100.64.0.165,175,18
Wed,21:47:39,Asia-Northeast-1,US-West-2,100.64.2.124,175,19
Wed,21:47:39,Asia-Northeast-1,US-West-2,52.53.195.20,175,20
Wed,21:53:22,Asia-Northeast-1,US-West-2,175.41.128.202,14,1
Wed,21:53:22,Asia-Northeast-1,US-West-2,100.66.0.130,11,2
Wed,21:53:22,Asia-Northeast-1,US-West-2,100.66.0.77,16,3
Wed,21:53:22,Asia-Northeast-1,US-West-2,100.65.0.33,0,4
Wed,21:53:22,Asia-Northeast-1,US-West-2,203.83.223.18,174,5
Wed,21:53:22,Asia-Northeast-1,US-West-2,52.93.9.72,176,6
Wed,21:53:22,Asia-Northeast-1,US-West-2,52.93.9.173,173,7
Wed,21:53:22,Asia-Northeast-1,US-West-2,54.239.41.162,173,8
Wed,21:53:22,Asia-Northeast-1,US-West-2,54.239.52.128,174,9
Wed,21:53:22,Asia-Northeast-1,US-West-2,54.239.41.161,174,10
Wed,21:53:22,Asia-Northeast-1,US-West-2,54.239.43.43,174,11
Wed,21:53:22,Asia-Northeast-1,US-West-2,54.240.242.136,186,12
Wed,21:53:22,Asia-Northeast-1,US-West-2,54.240.242.11,174,13
Wed,21:53:22,Asia-Northeast-1,US-West-2,54.240.242.150,177,14
Wed,21:53:22,Asia-Northeast-1,US-West-2,54.240.242.27,175,15
Wed,21:53:22,Asia-Northeast-1,US-West-2,72.21.222.17,176,16
Wed,21:53:22,Asia-Northeast-1,US-West-2,100.64.16.22,175,17
Wed,21:53:22,Asia-Northeast-1,US-West-2,100.64.0.199,175,18
Wed,21:53:22,Asia-Northeast-1,US-West-2,100.64.2.26,175,19
Wed,21:53:22,Asia-Northeast-1,US-West-2,52.53.195.20,175,20
Wed,21:59:21,Asia-Northeast-1,US-West-2,175.41.128.202,14,1
Wed,21:59:21,Asia-Northeast-1,US-West-2,100.66.0.248,20,2
Wed,21:59:21,Asia-Northeast-1,US-West-2,100.66.0.99,15,3
Wed,21:59:21,Asia-Northeast-1,US-West-2,100.65.0.161,0,4
Wed,21:59:21,Asia-Northeast-1,US-West-2,203.83.223.18,174,5
Wed,21:59:21,Asia-Northeast-1,US-West-2,52.93.9.94,179,6
Wed,21:59:21,Asia-Northeast-1,US-West-2,52.93.9.129,174,7
Wed,21:59:21,Asia-Northeast-1,US-West-2,54.239.41.162,174,8
Wed,21:59:21,Asia-Northeast-1,US-West-2,54.239.52.128,175,9
Wed,21:59:21,Asia-Northeast-1,US-West-2,54.239.41.161,174,10
Wed,21:59:21,Asia-Northeast-1,US-West-2,54.239.43.43,174,11
Wed,21:59:21,Asia-Northeast-1,US-West-2,54.240.242.116,185,12
Wed,21:59:21,Asia-Northeast-1,US-West-2,54.240.242.208,174,13
Wed,21:59:21,Asia-Northeast-1,US-West-2,52.93.70.182,189,14
Wed,21:59:21,Asia-Northeast-1,US-West-2,54.240.242.167,175,15
Wed,21:59:21,Asia-Northeast-1,US-West-2,72.21.222.17,175,16
Wed,21:59:21,Asia-Northeast-1,US-West-2,100.64.16.106,175,17
Wed,21:59:21,Asia-Northeast-1,US-West-2,100.64.0.137,175,18
Wed,21:59:21,Asia-Northeast-1,US-West-2,100.64.2.90,175,19
Wed,21:59:21,Asia-Northeast-1,US-West-2,52.53.195.20,175,20
Wed,22:05:04,Asia-Northeast-1,US-West-2,175.41.128.204,18,1
Wed,22:05:04,Asia-Northeast-1,US-West-2,100.66.0.206,11,2
Wed,22:05:04,Asia-Northeast-1,US-West-2,100.66.0.61,12,3
Wed,22:05:04,Asia-Northeast-1,US-West-2,100.65.0.1,0,4
Wed,22:05:04,Asia-Northeast-1,US-West-2,203.83.223.18,174,5
Wed,22:05:04,Asia-Northeast-1,US-West-2,52.93.9.50,184,6
Wed,22:05:04,Asia-Northeast-1,US-West-2,52.93.9.107,173,7
Wed,22:05:04,Asia-Northeast-1,US-West-2,54.239.41.162,173,8
Wed,22:05:04,Asia-Northeast-1,US-West-2,54.239.52.128,173,9
Wed,22:05:04,Asia-Northeast-1,US-West-2,54.239.41.161,173,10
Wed,22:05:04,Asia-Northeast-1,US-West-2,54.239.43.43,174,11
Wed,22:05:04,Asia-Northeast-1,US-West-2,54.240.242.56,183,12
Wed,22:05:04,Asia-Northeast-1,US-West-2,54.240.242.69,173,13
Wed,22:05:04,Asia-Northeast-1,US-West-2,52.93.70.186,189,14
Wed,22:05:04,Asia-Northeast-1,US-West-2,54.240.242.67,175,15
Wed,22:05:04,Asia-Northeast-1,US-West-2,205.251.229.158,175,16
Wed,22:05:04,Asia-Northeast-1,US-West-2,100.64.16.74,176,17
Wed,22:05:04,Asia-Northeast-1,US-West-2,100.64.0.113,175,18
Wed,22:05:04,Asia-Northeast-1,US-West-2,100.64.2.2,175,19
Wed,22:05:04,Asia-Northeast-1,US-West-2,52.53.195.20,175,20
Wed,22:10:37,Asia-Northeast-1,US-West-2,175.41.128.202,13,1
Wed,22:10:37,Asia-Northeast-1,US-West-2,100.66.0.206,20,2
Wed,22:10:37,Asia-Northeast-1,US-West-2,100.66.0.77,18,3
Wed,22:10:37,Asia-Northeast-1,US-West-2,100.65.1.161,0,4
Wed,22:10:37,Asia-Northeast-1,US-West-2,203.83.223.18,174,5
Wed,22:10:37,Asia-Northeast-1,US-West-2,52.93.9.50,184,6
Wed,22:10:37,Asia-Northeast-1,US-West-2,52.93.9.129,173,7
Wed,22:10:37,Asia-Northeast-1,US-West-2,54.239.41.162,174,8
Wed,22:10:37,Asia-Northeast-1,US-West-2,54.239.52.128,174,9
Wed,22:10:37,Asia-Northeast-1,US-West-2,54.239.41.161,174,10
Wed,22:10:37,Asia-Northeast-1,US-West-2,54.239.43.43,174,11
Wed,22:10:37,Asia-Northeast-1,US-West-2,54.240.242.116,188,12
Wed,22:10:37,Asia-Northeast-1,US-West-2,54.240.242.214,174,13
Wed,22:10:37,Asia-Northeast-1,US-West-2,52.93.70.182,186,14
Wed,22:10:37,Asia-Northeast-1,US-West-2,54.240.242.27,175,15
Wed,22:10:37,Asia-Northeast-1,US-West-2,205.251.229.158,175,16
Wed,22:10:37,Asia-Northeast-1,US-West-2,100.64.16.214,176,17
Wed,22:10:37,Asia-Northeast-1,US-West-2,100.64.0.33,192,18
Wed,22:10:37,Asia-Northeast-1,US-West-2,100.64.2.194,175,19
Wed,22:10:37,Asia-Northeast-1,US-West-2,52.53.195.20,175,20
Wed,22:16:37,Asia-Northeast-1,US-West-2,175.41.128.206,10,1
Wed,22:16:37,Asia-Northeast-1,US-West-2,100.66.0.248,15,2
Wed,22:16:37,Asia-Northeast-1,US-West-2,100.66.0.77,17,3
Wed,22:16:37,Asia-Northeast-1,US-West-2,100.65.0.1,0,4
Wed,22:16:37,Asia-Northeast-1,US-West-2,203.83.223.18,174,5
Wed,22:16:37,Asia-Northeast-1,US-West-2,52.93.9.28,183,6
Wed,22:16:37,Asia-Northeast-1,US-West-2,52.93.9.151,173,7
Wed,22:16:37,Asia-Northeast-1,US-West-2,54.239.41.162,184,8
Wed,22:16:37,Asia-Northeast-1,US-West-2,54.239.52.128,173,9
Wed,22:16:37,Asia-Northeast-1,US-West-2,54.239.41.161,173,10
Wed,22:16:37,Asia-Northeast-1,US-West-2,54.239.43.43,184,11
Wed,22:16:37,Asia-Northeast-1,US-West-2,54.240.242.136,178,12
Wed,22:16:37,Asia-Northeast-1,US-West-2,52.93.70.195,174,13
Wed,22:16:37,Asia-Northeast-1,US-West-2,54.240.242.72,187,14
Wed,22:16:37,Asia-Northeast-1,US-West-2,54.240.242.107,175,15
Wed,22:16:37,Asia-Northeast-1,US-West-2,72.21.222.17,175,16
Wed,22:16:37,Asia-Northeast-1,US-West-2,100.64.16.28,176,17
Wed,22:16:37,Asia-Northeast-1,US-West-2,100.64.0.79,176,18
Wed,22:16:37,Asia-Northeast-1,US-West-2,100.64.2.56,175,19
Wed,22:16:37,Asia-Northeast-1,US-West-2,52.53.195.20,175,20
Wed,22:22:15,Asia-Northeast-1,US-West-2,175.41.128.202,15,1
Wed,22:22:15,Asia-Northeast-1,US-West-2,100.66.0.244,17,2
Wed,22:22:15,Asia-Northeast-1,US-West-2,100.66.0.117,25,3
Wed,22:22:15,Asia-Northeast-1,US-West-2,100.65.0.129,1,4
Wed,22:22:15,Asia-Northeast-1,US-West-2,203.83.223.76,175,5
Wed,22:22:15,Asia-Northeast-1,US-West-2,52.93.9.138,182,6
Wed,22:22:15,Asia-Northeast-1,US-West-2,52.93.9.173,173,7
Wed,22:22:15,Asia-Northeast-1,US-West-2,54.239.41.162,173,8
Wed,22:22:15,Asia-Northeast-1,US-West-2,54.239.52.128,174,9
Wed,22:22:15,Asia-Northeast-1,US-West-2,54.239.41.161,174,10
Wed,22:22:15,Asia-Northeast-1,US-West-2,54.239.43.43,173,11
Wed,22:22:15,Asia-Northeast-1,US-West-2,54.240.242.156,178,12
Wed,22:22:15,Asia-Northeast-1,US-West-2,54.240.242.133,173,13
Wed,22:22:15,Asia-Northeast-1,US-West-2,54.240.242.28,180,14
Wed,22:22:15,Asia-Northeast-1,US-West-2,54.240.242.47,175,15
Wed,22:22:15,Asia-Northeast-1,US-West-2,205.251.229.158,175,16
Wed,22:22:15,Asia-Northeast-1,US-West-2,100.64.16.188,175,17
Wed,22:22:15,Asia-Northeast-1,US-West-2,100.64.0.179,175,18
Wed,22:22:15,Asia-Northeast-1,US-West-2,100.64.2.122,175,19
Wed,22:22:15,Asia-Northeast-1,US-West-2,52.53.195.20,175,20
Wed,22:27:54,Asia-Northeast-1,US-West-2,175.41.128.202,20,1
Wed,22:27:54,Asia-Northeast-1,US-West-2,100.66.0.222,11,2
Wed,22:27:54,Asia-Northeast-1,US-West-2,100.66.0.53,15,3
Wed,22:27:54,Asia-Northeast-1,US-West-2,100.65.0.161,0,4
Wed,22:27:54,Asia-Northeast-1,US-West-2,203.83.223.18,174,5
Wed,22:27:54,Asia-Northeast-1,US-West-2,52.93.9.94,179,6
Wed,22:27:54,Asia-Northeast-1,US-West-2,52.93.9.173,173,7
Wed,22:27:54,Asia-Northeast-1,US-West-2,54.239.41.162,173,8
Wed,22:27:54,Asia-Northeast-1,US-West-2,54.239.52.128,173,9
Wed,22:27:54,Asia-Northeast-1,US-West-2,54.239.41.161,174,10
Wed,22:27:54,Asia-Northeast-1,US-West-2,54.239.43.43,174,11
Wed,22:27:54,Asia-Northeast-1,US-West-2,54.240.242.136,174,12
Wed,22:27:54,Asia-Northeast-1,US-West-2,54.240.242.149,174,13
Wed,22:27:54,Asia-Northeast-1,US-West-2,54.240.242.217,175,14
Wed,22:27:54,Asia-Northeast-1,US-West-2,54.240.242.167,175,15
Wed,22:27:54,Asia-Northeast-1,US-West-2,205.251.229.158,175,16
Wed,22:27:54,Asia-Northeast-1,US-West-2,100.64.16.168,176,17
Wed,22:27:54,Asia-Northeast-1,US-West-2,100.64.0.131,175,18
Wed,22:27:54,Asia-Northeast-1,US-West-2,100.64.2.8,175,19
Wed,22:27:54,Asia-Northeast-1,US-West-2,52.53.195.20,175,20
Wed,22:33:39,Asia-Northeast-1,US-West-2,175.41.128.206,21,1
Wed,22:33:39,Asia-Northeast-1,US-West-2,100.66.0.196,12,2
Wed,22:33:39,Asia-Northeast-1,US-West-2,100.66.0.101,13,3
Wed,22:33:39,Asia-Northeast-1,US-West-2,100.65.1.33,0,4
Wed,22:33:39,Asia-Northeast-1,US-West-2,203.83.223.76,174,5
Wed,22:33:39,Asia-Northeast-1,US-West-2,52.93.9.116,182,6
Wed,22:33:39,Asia-Northeast-1,US-West-2,52.93.9.19,173,7
Wed,22:33:39,Asia-Northeast-1,US-West-2,54.239.41.162,173,8
Wed,22:33:39,Asia-Northeast-1,US-West-2,54.239.52.128,174,9
Wed,22:33:39,Asia-Northeast-1,US-West-2,54.239.41.161,174,10
Wed,22:33:39,Asia-Northeast-1,US-West-2,54.239.43.43,174,11
Wed,22:33:39,Asia-Northeast-1,US-West-2,54.240.242.16,648,12
Wed,22:33:39,Asia-Northeast-1,US-West-2,54.240.242.133,192,13
Wed,22:33:39,Asia-Northeast-1,US-West-2,54.240.242.12,738,14
Wed,22:33:39,Asia-Northeast-1,US-West-2,54.240.242.87,175,15
Wed,22:33:39,Asia-Northeast-1,US-West-2,72.21.222.17,175,16
Wed,22:33:39,Asia-Northeast-1,US-West-2,100.64.16.94,175,17
Wed,22:33:39,Asia-Northeast-1,US-West-2,100.64.0.197,175,18
Wed,22:33:39,Asia-Northeast-1,US-West-2,100.64.2.180,175,19
Wed,22:33:39,Asia-Northeast-1,US-West-2,52.53.195.20,175,20
Wed,22:39:18,Asia-Northeast-1,US-West-2,175.41.128.202,15,1
Wed,22:39:18,Asia-Northeast-1,US-West-2,100.66.0.252,16,2
Wed,22:39:18,Asia-Northeast-1,US-West-2,100.66.0.35,15,3
Wed,22:39:18,Asia-Northeast-1,US-West-2,100.65.0.161,0,4
Wed,22:39:18,Asia-Northeast-1,US-West-2,203.83.223.18,174,5
Wed,22:39:18,Asia-Northeast-1,US-West-2,52.93.9.116,179,6
Wed,22:39:18,Asia-Northeast-1,US-West-2,52.93.9.41,173,7
Wed,22:39:18,Asia-Northeast-1,US-West-2,54.239.41.162,174,8
Wed,22:39:18,Asia-Northeast-1,US-West-2,54.239.52.128,174,9
Wed,22:39:18,Asia-Northeast-1,US-West-2,54.239.41.161,173,10
Wed,22:39:18,Asia-Northeast-1,US-West-2,54.239.43.43,174,11
Wed,22:39:18,Asia-Northeast-1,US-West-2,54.240.242.76,179,12
Wed,22:39:18,Asia-Northeast-1,US-West-2,54.240.242.131,174,13
Wed,22:39:18,Asia-Northeast-1,US-West-2,54.240.242.207,205,14
Wed,22:39:18,Asia-Northeast-1,US-West-2,54.240.242.67,175,15
Wed,22:39:18,Asia-Northeast-1,US-West-2,72.21.222.17,175,16
Wed,22:39:18,Asia-Northeast-1,US-West-2,100.64.16.192,175,17
Wed,22:39:18,Asia-Northeast-1,US-West-2,100.64.0.35,175,18
Wed,22:39:18,Asia-Northeast-1,US-West-2,100.64.2.56,175,19
Wed,22:39:18,Asia-Northeast-1,US-West-2,52.53.195.20,175,20
Wed,22:44:56,Asia-Northeast-1,US-West-2,175.41.128.202,58,1
Wed,22:44:56,Asia-Northeast-1,US-West-2,100.66.0.158,18,2
Wed,22:44:56,Asia-Northeast-1,US-West-2,100.66.0.101,17,3
Wed,22:44:56,Asia-Northeast-1,US-West-2,100.65.1.33,0,4
Wed,22:44:56,Asia-Northeast-1,US-West-2,203.83.223.18,175,5
Wed,22:44:56,Asia-Northeast-1,US-West-2,52.93.9.28,183,6
Wed,22:44:56,Asia-Northeast-1,US-West-2,52.93.9.63,174,7
Wed,22:44:56,Asia-Northeast-1,US-West-2,54.239.41.162,174,8
Wed,22:44:56,Asia-Northeast-1,US-West-2,54.239.52.128,173,9
Wed,22:44:56,Asia-Northeast-1,US-West-2,54.239.41.161,174,10
Wed,22:44:56,Asia-Northeast-1,US-West-2,54.239.43.43,174,11
Wed,22:44:56,Asia-Northeast-1,US-West-2,54.240.242.116,176,12
Wed,22:44:56,Asia-Northeast-1,US-West-2,54.240.242.31,174,13
Wed,22:44:56,Asia-Northeast-1,US-West-2,54.240.242.72,192,14
Wed,22:44:56,Asia-Northeast-1,US-West-2,54.240.242.147,175,15
Wed,22:44:56,Asia-Northeast-1,US-West-2,72.21.222.17,175,16
Wed,22:44:56,Asia-Northeast-1,US-West-2,100.64.16.150,176,17
Wed,22:44:56,Asia-Northeast-1,US-West-2,100.64.0.5,175,18
Wed,22:44:56,Asia-Northeast-1,US-West-2,100.64.2.238,175,19
Wed,22:44:56,Asia-Northeast-1,US-West-2,52.53.195.20,175,20
Wed,22:50:39,Asia-Northeast-1,US-West-2,175.41.128.202,13,1
Wed,22:50:39,Asia-Northeast-1,US-West-2,100.66.0.154,22,2
Wed,22:50:39,Asia-Northeast-1,US-West-2,100.66.0.127,17,3
Wed,22:50:39,Asia-Northeast-1,US-West-2,100.65.0.1,0,4
Wed,22:50:39,Asia-Northeast-1,US-West-2,203.83.223.18,174,5
Wed,22:50:39,Asia-Northeast-1,US-West-2,52.93.9.94,181,6
Wed,22:50:39,Asia-Northeast-1,US-West-2,52.93.9.85,173,7
Wed,22:50:39,Asia-Northeast-1,US-West-2,54.239.41.162,173,8
Wed,22:50:39,Asia-Northeast-1,US-West-2,54.239.52.128,174,9
Wed,22:50:39,Asia-Northeast-1,US-West-2,54.239.41.161,173,10
Wed,22:50:39,Asia-Northeast-1,US-West-2,54.239.43.43,174,11
Wed,22:50:39,Asia-Northeast-1,US-West-2,54.240.242.116,732,12
Wed,22:50:39,Asia-Northeast-1,US-West-2,52.93.70.203,173,13
Wed,22:50:39,Asia-Northeast-1,US-West-2,54.240.242.12,584,14
Wed,22:50:39,Asia-Northeast-1,US-West-2,54.240.242.47,175,15
Wed,22:50:39,Asia-Northeast-1,US-West-2,72.21.222.17,175,16
Wed,22:50:39,Asia-Northeast-1,US-West-2,100.64.16.80,175,17
Wed,22:50:39,Asia-Northeast-1,US-West-2,100.64.0.241,175,18
Wed,22:50:39,Asia-Northeast-1,US-West-2,100.64.2.66,175,19
Wed,22:50:39,Asia-Northeast-1,US-West-2,52.53.195.20,175,20
Wed,22:56:18,Asia-Northeast-1,US-West-2,175.41.128.204,24,1
Wed,22:56:18,Asia-Northeast-1,US-West-2,100.66.0.212,11,2
Wed,22:56:18,Asia-Northeast-1,US-West-2,100.66.0.5,14,3
Wed,22:56:18,Asia-Northeast-1,US-West-2,100.65.0.33,0,4
Wed,22:56:18,Asia-Northeast-1,US-West-2,203.83.223.76,174,5
Wed,22:56:18,Asia-Northeast-1,US-West-2,52.93.9.138,177,6
Wed,22:56:18,Asia-Northeast-1,US-West-2,52.93.9.63,174,7
Wed,22:56:18,Asia-Northeast-1,US-West-2,54.239.41.162,173,8
Wed,22:56:18,Asia-Northeast-1,US-West-2,54.239.52.128,176,9
Wed,22:56:18,Asia-Northeast-1,US-West-2,54.239.41.161,173,10
Wed,22:56:18,Asia-Northeast-1,US-West-2,54.239.43.43,174,11
Wed,22:56:18,Asia-Northeast-1,US-West-2,54.240.242.36,176,12
Wed,22:56:18,Asia-Northeast-1,US-West-2,54.240.242.113,174,13
Wed,22:56:18,Asia-Northeast-1,US-West-2,54.240.242.217,191,14
Wed,22:56:18,Asia-Northeast-1,US-West-2,54.240.242.87,175,15
Wed,22:56:18,Asia-Northeast-1,US-West-2,72.21.222.17,175,16
Wed,22:56:18,Asia-Northeast-1,US-West-2,100.64.16.196,175,17
Wed,22:56:18,Asia-Northeast-1,US-West-2,100.64.0.43,175,18
Wed,22:56:18,Asia-Northeast-1,US-West-2,100.64.2.176,176,19
Wed,22:56:18,Asia-Northeast-1,US-West-2,52.53.195.20,175,20
