Day, Time, Origin, Destination, DNS, Hop IP, Duration, Hop Count
Tue,18:42:51,rwanda,angola,rwanda-fw-252.net.rwanda.cmu.local,172.29.52.1,1,1
Tue,18:42:51,rwanda,angola,41.74.174.49,41.74.174.49,4,2
Tue,18:42:51,rwanda,angola,197.243.126.165,197.243.126.165,5,3
Tue,18:42:51,rwanda,angola,192.168.1.253,192.168.1.253,5,4
Tue,18:42:51,rwanda,angola,192.168.1.230,192.168.1.230,5,5
Tue,18:42:51,rwanda,angola,197.243.126.29,197.243.126.29,5,6
Tue,18:42:51,rwanda,angola,41.223.224.210,41.223.224.210,4,7
Tue,18:42:51,rwanda,angola,197.155.94.164.liquidtelecom.net,197.155.94.164,69,8
Tue,18:42:51,rwanda,angola,pos0-1-1-2-p1-msa.liquidtelecom.net,197.155.94.42,71,9
Tue,18:42:51,rwanda,angola,197.155.94.167.liquidtelecom.net,197.155.94.167,25,10
Tue,18:42:51,rwanda,angola,gi2-0-0.lza-p2-jhb.liquidtelecom.net,77.246.57.69,72,11
Tue,18:42:51,rwanda,angola,eth-trunk-1-pe2-jhb.liquidtelecom.net,46.17.232.13,69,12
Tue,18:42:51,rwanda,angola,angolacables.ixp.joburg,196.60.8.60,67,13
Tue,18:42:51,rwanda,angola,pe2-ne026.ang.lad.as37468.angolacables.ao,197.149.149.117,124,14
Tue,18:42:51,rwanda,angola,pe1-ne011.ang.lad.as37468.angolacables.ao,197.149.151.3,124,15
Tue,18:42:51,rwanda,angola,197.149.148.237,197.149.148.237,125,16
Tue,18:42:51,rwanda,angola,41.222.238.26,41.222.238.26,125,17
Tue,18:42:51,rwanda,angola,41.222.238.7,41.222.238.7,126,18
Tue,18:42:51,rwanda,angola,*,*,*,19
Tue,18:42:51,rwanda,angola,*,*,*,20
Tue,18:42:51,rwanda,angola,*,*,*,21
Tue,18:42:51,rwanda,angola,*,*,*,22
Tue,18:42:51,rwanda,angola,*,*,*,23
Tue,18:42:51,rwanda,angola,*,*,*,24
Tue,18:42:51,rwanda,angola,*,*,*,25
Tue,18:42:51,rwanda,angola,*,*,*,26
Tue,18:42:51,rwanda,angola,*,*,*,27
Tue,18:42:51,rwanda,angola,*,*,*,28
Tue,18:42:51,rwanda,angola,*,*,*,29
Tue,18:42:51,rwanda,angola,*,*,*,30
Tue,18:51:16,rwanda,angola,rwanda-fw-252.net.rwanda.cmu.local,172.29.52.1,1,1
Tue,18:51:16,rwanda,angola,41.74.174.49,41.74.174.49,4,2
Tue,18:51:16,rwanda,angola,197.243.126.165,197.243.126.165,5,3
Tue,18:51:16,rwanda,angola,192.168.1.253,192.168.1.253,5,4
Tue,18:51:16,rwanda,angola,192.168.1.230,192.168.1.230,5,5
Tue,18:51:16,rwanda,angola,197.243.126.29,197.243.126.29,5,6
Tue,18:51:16,rwanda,angola,41.223.224.210,41.223.224.210,8,7
Tue,18:51:16,rwanda,angola,197.155.94.164.liquidtelecom.net,197.155.94.164,68,8
Tue,18:51:16,rwanda,angola,pos0-1-1-2-p1-msa.liquidtelecom.net,197.155.94.42,69,9
Tue,18:51:16,rwanda,angola,197.155.94.167.liquidtelecom.net,197.155.94.167,25,10
Tue,18:51:16,rwanda,angola,gi2-0-0.lza-p2-jhb.liquidtelecom.net,77.246.57.69,71,11
Tue,18:51:16,rwanda,angola,eth-trunk-1-pe2-jhb.liquidtelecom.net,46.17.232.13,89,12
Tue,18:51:16,rwanda,angola,angolacables.ixp.joburg,196.60.8.60,68,13
Tue,18:51:16,rwanda,angola,pe2-ne026.ang.lad.as37468.angolacables.ao,197.149.149.117,123,14
Tue,18:51:16,rwanda,angola,pe1-ne011.ang.lad.as37468.angolacables.ao,197.149.151.3,124,15
Tue,18:51:16,rwanda,angola,197.149.148.237,197.149.148.237,124,16
Tue,18:51:16,rwanda,angola,41.222.238.26,41.222.238.26,125,17
Tue,18:51:16,rwanda,angola,41.222.238.7,41.222.238.7,126,18
Tue,18:51:16,rwanda,angola,*,*,*,19
Tue,18:51:16,rwanda,angola,*,*,*,20
Tue,18:51:16,rwanda,angola,*,*,*,21
Tue,18:51:16,rwanda,angola,*,*,*,22
Tue,18:51:16,rwanda,angola,*,*,*,23
Tue,18:51:16,rwanda,angola,*,*,*,24
Tue,18:51:16,rwanda,angola,*,*,*,25
Tue,18:51:16,rwanda,angola,*,*,*,26
Tue,18:51:16,rwanda,angola,*,*,*,27
Tue,18:51:16,rwanda,angola,*,*,*,28
Tue,18:51:16,rwanda,angola,*,*,*,29
Tue,18:51:16,rwanda,angola,*,*,*,30
Tue,18:59:26,rwanda,angola,rwanda-fw-252.net.rwanda.cmu.local,172.29.52.1,1,1
Tue,18:59:26,rwanda,angola,41.74.174.49,41.74.174.49,4,2
Tue,18:59:26,rwanda,angola,197.243.126.165,197.243.126.165,5,3
Tue,18:59:26,rwanda,angola,192.168.1.253,192.168.1.253,5,4
Tue,18:59:26,rwanda,angola,192.168.1.230,192.168.1.230,5,5
Tue,18:59:26,rwanda,angola,197.243.126.29,197.243.126.29,5,6
Tue,18:59:26,rwanda,angola,41.223.224.210,41.223.224.210,5,7
Tue,18:59:26,rwanda,angola,197.155.94.164.liquidtelecom.net,197.155.94.164,69,8
Tue,18:59:26,rwanda,angola,pos0-1-1-2-p1-msa.liquidtelecom.net,197.155.94.42,69,9
Tue,18:59:26,rwanda,angola,teng0-0-1-3-p1-msa.liquidtelecom.net,197.155.94.9,24,10
Tue,18:59:26,rwanda,angola,gi2-0-0.lza-p2-jhb.liquidtelecom.net,77.246.57.69,71,11
Tue,18:59:26,rwanda,angola,eth-trunk-1-pe2-jhb.liquidtelecom.net,46.17.232.13,69,12
Tue,18:59:26,rwanda,angola,angolacables.ixp.joburg,196.60.8.60,67,13
Tue,18:59:26,rwanda,angola,pe1-nc016.ang.lad.as37468.angolacables.ao,197.149.149.113,126,14
Tue,18:59:26,rwanda,angola,pe1-ne011.ang.lad.as37468.angolacables.ao,197.149.151.3,126,15
Tue,18:59:26,rwanda,angola,197.149.148.237,197.149.148.237,126,16
Tue,18:59:26,rwanda,angola,41.222.238.26,41.222.238.26,126,17
Tue,18:59:26,rwanda,angola,41.222.238.7,41.222.238.7,127,18
Tue,18:59:26,rwanda,angola,*,*,*,19
Tue,18:59:26,rwanda,angola,*,*,*,20
Tue,18:59:26,rwanda,angola,*,*,*,21
Tue,18:59:26,rwanda,angola,*,*,*,22
Tue,18:59:26,rwanda,angola,*,*,*,23
Tue,18:59:26,rwanda,angola,*,*,*,24
Tue,18:59:26,rwanda,angola,*,*,*,25
Tue,18:59:26,rwanda,angola,*,*,*,26
Tue,18:59:26,rwanda,angola,*,*,*,27
Tue,18:59:26,rwanda,angola,*,*,*,28
Tue,18:59:26,rwanda,angola,*,*,*,29
Tue,18:59:26,rwanda,angola,*,*,*,30
Tue,19:07:48,rwanda,angola,rwanda-fw-252.net.rwanda.cmu.local,172.29.52.1,3,1
Tue,19:07:48,rwanda,angola,41.74.174.49,41.74.174.49,6,2
Tue,19:07:48,rwanda,angola,197.243.126.165,197.243.126.165,7,3
Tue,19:07:48,rwanda,angola,192.168.1.253,192.168.1.253,7,4
Tue,19:07:48,rwanda,angola,192.168.1.230,192.168.1.230,7,5
Tue,19:07:48,rwanda,angola,197.243.126.29,197.243.126.29,8,6
Tue,19:07:48,rwanda,angola,41.223.224.210,41.223.224.210,4,7
Tue,19:07:48,rwanda,angola,197.155.94.164.liquidtelecom.net,197.155.94.164,68,8
Tue,19:07:48,rwanda,angola,teng0-2-0-0.lke-p2-nbi.liquidtelecom.net,197.155.94.96,70,9
Tue,19:07:48,rwanda,angola,197.155.94.167.liquidtelecom.net,197.155.94.167,24,10
Tue,19:07:48,rwanda,angola,gi2-0-0.lza-p2-jhb.liquidtelecom.net,77.246.57.69,72,11
Tue,19:07:48,rwanda,angola,eth-trunk-1-pe2-jhb.liquidtelecom.net,46.17.232.13,100,12
Tue,19:07:48,rwanda,angola,angolacables.ixp.joburg,196.60.8.60,100,13
Tue,19:07:48,rwanda,angola,pe1-nc016.ang.lad.as37468.angolacables.ao,197.149.149.113,123,14
Tue,19:07:48,rwanda,angola,pe2-ne022.ang.lad.as37468.angolacables.ao,197.149.151.19,124,15
Tue,19:07:48,rwanda,angola,197.149.148.237,197.149.148.237,124,16
Tue,19:07:48,rwanda,angola,41.222.238.26,41.222.238.26,258,17
Tue,19:07:48,rwanda,angola,41.222.238.7,41.222.238.7,124,18
Tue,19:07:48,rwanda,angola,*,*,*,19
Tue,19:07:48,rwanda,angola,*,*,*,20
Tue,19:07:48,rwanda,angola,*,*,*,21
Tue,19:07:48,rwanda,angola,*,*,*,22
Tue,19:07:48,rwanda,angola,*,*,*,23
Tue,19:07:48,rwanda,angola,*,*,*,24
Tue,19:07:48,rwanda,angola,*,*,*,25
Tue,19:07:48,rwanda,angola,*,*,*,26
Tue,19:07:48,rwanda,angola,*,*,*,27
Tue,19:07:48,rwanda,angola,*,*,*,28
Tue,19:07:48,rwanda,angola,*,*,*,29
Tue,19:07:48,rwanda,angola,*,*,*,30
Tue,19:16:46,rwanda,angola,rwanda-fw-252.net.rwanda.cmu.local,172.29.52.1,2,1
Tue,19:16:46,rwanda,angola,41.74.174.49,41.74.174.49,5,2
Tue,19:16:46,rwanda,angola,197.243.126.165,197.243.126.165,6,3
Tue,19:16:46,rwanda,angola,192.168.1.253,192.168.1.253,6,4
Tue,19:16:46,rwanda,angola,192.168.1.230,192.168.1.230,6,5
Tue,19:16:46,rwanda,angola,197.243.126.29,197.243.126.29,6,6
Tue,19:16:46,rwanda,angola,41.223.224.210,41.223.224.210,4,7
Tue,19:16:46,rwanda,angola,197.155.94.164.liquidtelecom.net,197.155.94.164,69,8
Tue,19:16:46,rwanda,angola,pos0-1-1-2-p1-msa.liquidtelecom.net,197.155.94.42,69,9
Tue,19:16:46,rwanda,angola,ten-0-1-1-1-p1-msa.liquidtelecom.net,197.155.94.75,25,10
Tue,19:16:46,rwanda,angola,gi2-0-0.lza-p2-jhb.liquidtelecom.net,77.246.57.69,72,11
Tue,19:16:46,rwanda,angola,eth-trunk-1-pe2-jhb.liquidtelecom.net,46.17.232.13,90,12
Tue,19:16:46,rwanda,angola,angolacables.ixp.joburg,196.60.8.60,68,13
Tue,19:16:46,rwanda,angola,pe1-nc016.ang.lad.as37468.angolacables.ao,197.149.149.113,125,14
Tue,19:16:46,rwanda,angola,pe1-ne011.ang.lad.as37468.angolacables.ao,197.149.151.3,125,15
Tue,19:16:46,rwanda,angola,197.149.148.237,197.149.148.237,125,16
Tue,19:16:46,rwanda,angola,41.222.238.26,41.222.238.26,126,17
Tue,19:16:46,rwanda,angola,41.222.238.7,41.222.238.7,123,18
Tue,19:16:46,rwanda,angola,*,*,*,19
Tue,19:16:46,rwanda,angola,*,*,*,20
Tue,19:16:46,rwanda,angola,*,*,*,21
Tue,19:16:46,rwanda,angola,*,*,*,22
Tue,19:16:46,rwanda,angola,*,*,*,23
Tue,19:16:46,rwanda,angola,*,*,*,24
Tue,19:16:46,rwanda,angola,*,*,*,25
Tue,19:16:46,rwanda,angola,*,*,*,26
Tue,19:16:46,rwanda,angola,*,*,*,27
Tue,19:16:46,rwanda,angola,*,*,*,28
Tue,19:16:46,rwanda,angola,*,*,*,29
Tue,19:16:46,rwanda,angola,*,*,*,30
Tue,19:25:00,rwanda,angola,rwanda-fw-252.net.rwanda.cmu.local,172.29.52.1,24,1
Tue,19:25:00,rwanda,angola,41.74.174.49,41.74.174.49,14,2
Tue,19:25:00,rwanda,angola,197.243.126.165,197.243.126.165,29,3
Tue,19:25:00,rwanda,angola,192.168.1.253,192.168.1.253,29,4
Tue,19:25:00,rwanda,angola,192.168.1.230,192.168.1.230,29,5
Tue,19:25:00,rwanda,angola,197.243.126.29,197.243.126.29,43,6
Tue,19:25:00,rwanda,angola,41.223.224.210,41.223.224.210,14,7
Tue,19:25:00,rwanda,angola,197.155.94.164.liquidtelecom.net,197.155.94.164,87,8
Tue,19:25:00,rwanda,angola,teng0-2-0-0.lke-p2-nbi.liquidtelecom.net,197.155.94.96,86,9
Tue,19:25:00,rwanda,angola,teng0-0-1-3-p1-msa.liquidtelecom.net,197.155.94.9,44,10
Tue,19:25:00,rwanda,angola,gi2-0-0.lza-p2-jhb.liquidtelecom.net,77.246.57.69,86,11
Tue,19:25:00,rwanda,angola,eth-trunk-1-pe2-jhb.liquidtelecom.net,46.17.232.13,86,12
Tue,19:25:00,rwanda,angola,angolacables.ixp.joburg,196.60.8.60,83,13
Tue,19:25:00,rwanda,angola,pe2-ne026.ang.lad.as37468.angolacables.ao,197.149.149.117,135,14
Tue,19:25:00,rwanda,angola,pe2-ne022.ang.lad.as37468.angolacables.ao,197.149.151.19,123,15
Tue,19:25:00,rwanda,angola,197.149.148.237,197.149.148.237,124,16
Tue,19:25:00,rwanda,angola,41.222.238.26,41.222.238.26,124,17
Tue,19:25:00,rwanda,angola,41.222.238.7,41.222.238.7,126,18
Tue,19:25:00,rwanda,angola,*,*,*,19
Tue,19:25:00,rwanda,angola,*,*,*,20
Tue,19:25:00,rwanda,angola,*,*,*,21
Tue,19:25:00,rwanda,angola,*,*,*,22
Tue,19:25:00,rwanda,angola,*,*,*,23
Tue,19:25:00,rwanda,angola,*,*,*,24
Tue,19:25:00,rwanda,angola,*,*,*,25
Tue,19:25:00,rwanda,angola,*,*,*,26
Tue,19:25:00,rwanda,angola,*,*,*,27
Tue,19:25:00,rwanda,angola,*,*,*,28
Tue,19:25:00,rwanda,angola,*,*,*,29
Tue,19:25:00,rwanda,angola,*,*,*,30
Tue,19:33:10,rwanda,angola,rwanda-fw-252.net.rwanda.cmu.local,172.29.52.1,1,1
Tue,19:33:10,rwanda,angola,41.74.174.49,41.74.174.49,4,2
Tue,19:33:10,rwanda,angola,197.243.126.165,197.243.126.165,4,3
Tue,19:33:10,rwanda,angola,192.168.1.253,192.168.1.253,4,4
Tue,19:33:10,rwanda,angola,192.168.1.230,192.168.1.230,4,5
Tue,19:33:10,rwanda,angola,197.243.126.29,197.243.126.29,17,6
Tue,19:33:10,rwanda,angola,41.223.224.210,41.223.224.210,4,7
Tue,19:33:10,rwanda,angola,197.155.94.164.liquidtelecom.net,197.155.94.164,68,8
Tue,19:33:10,rwanda,angola,pos0-1-1-2-p1-msa.liquidtelecom.net,197.155.94.42,69,9
Tue,19:33:10,rwanda,angola,197.155.94.167.liquidtelecom.net,197.155.94.167,24,10
Tue,19:33:10,rwanda,angola,gi2-0-0.lza-p2-jhb.liquidtelecom.net,77.246.57.69,71,11
Tue,19:33:10,rwanda,angola,eth-trunk-1-pe2-jhb.liquidtelecom.net,46.17.232.13,69,12
Tue,19:33:10,rwanda,angola,angolacables.ixp.joburg,196.60.8.60,69,13
Tue,19:33:10,rwanda,angola,pe1-nc016.ang.lad.as37468.angolacables.ao,197.149.149.113,125,14
Tue,19:33:10,rwanda,angola,pe2-ne022.ang.lad.as37468.angolacables.ao,197.149.151.19,126,15
Tue,19:33:10,rwanda,angola,197.149.148.237,197.149.148.237,126,16
Tue,19:33:10,rwanda,angola,41.222.238.26,41.222.238.26,126,17
Tue,19:33:10,rwanda,angola,41.222.238.7,41.222.238.7,123,18
Tue,19:33:10,rwanda,angola,*,*,*,19
Tue,19:33:10,rwanda,angola,*,*,*,20
Tue,19:33:10,rwanda,angola,*,*,*,21
Tue,19:33:10,rwanda,angola,*,*,*,22
Tue,19:33:10,rwanda,angola,*,*,*,23
Tue,19:33:10,rwanda,angola,*,*,*,24
Tue,19:33:10,rwanda,angola,*,*,*,25
Tue,19:33:10,rwanda,angola,*,*,*,26
Tue,19:33:10,rwanda,angola,*,*,*,27
Tue,19:33:10,rwanda,angola,*,*,*,28
Tue,19:33:10,rwanda,angola,*,*,*,29
Tue,19:33:10,rwanda,angola,*,*,*,30
Tue,19:41:12,rwanda,angola,rwanda-fw-252.net.rwanda.cmu.local,172.29.52.1,1,1
Tue,19:41:12,rwanda,angola,41.74.174.49,41.74.174.49,4,2
Tue,19:41:12,rwanda,angola,197.243.126.165,197.243.126.165,5,3
Tue,19:41:12,rwanda,angola,192.168.1.253,192.168.1.253,5,4
Tue,19:41:12,rwanda,angola,192.168.1.230,192.168.1.230,5,5
Tue,19:41:12,rwanda,angola,197.243.126.29,197.243.126.29,5,6
Tue,19:41:12,rwanda,angola,41.223.224.210,41.223.224.210,5,7
Tue,19:41:12,rwanda,angola,197.155.94.164.liquidtelecom.net,197.155.94.164,72,8
Tue,19:41:12,rwanda,angola,pos0-1-1-2-p1-msa.liquidtelecom.net,197.155.94.42,72,9
Tue,19:41:12,rwanda,angola,197.155.94.167.liquidtelecom.net,197.155.94.167,25,10
Tue,19:41:12,rwanda,angola,gi2-0-0.lza-p2-jhb.liquidtelecom.net,77.246.57.69,74,11
Tue,19:41:12,rwanda,angola,eth-trunk-1-pe2-jhb.liquidtelecom.net,46.17.232.13,68,12
Tue,19:41:12,rwanda,angola,angolacables.ixp.joburg,196.60.8.60,67,13
Tue,19:41:12,rwanda,angola,pe1-nc016.ang.lad.as37468.angolacables.ao,197.149.149.113,123,14
Tue,19:41:12,rwanda,angola,pe1-ne011.ang.lad.as37468.angolacables.ao,197.149.151.3,124,15
Tue,19:41:12,rwanda,angola,197.149.148.237,197.149.148.237,125,16
Tue,19:41:12,rwanda,angola,41.222.238.26,41.222.238.26,126,17
Tue,19:41:12,rwanda,angola,41.222.238.7,41.222.238.7,123,18
Tue,19:41:12,rwanda,angola,*,*,*,19
Tue,19:41:12,rwanda,angola,*,*,*,20
Tue,19:41:12,rwanda,angola,*,*,*,21
Tue,19:41:12,rwanda,angola,*,*,*,22
Tue,19:41:12,rwanda,angola,*,*,*,23
Tue,19:41:12,rwanda,angola,*,*,*,24
Tue,19:41:12,rwanda,angola,*,*,*,25
Tue,19:41:12,rwanda,angola,*,*,*,26
Tue,19:41:12,rwanda,angola,*,*,*,27
Tue,19:41:12,rwanda,angola,*,*,*,28
Tue,19:41:12,rwanda,angola,*,*,*,29
Tue,19:41:12,rwanda,angola,*,*,*,30
Tue,19:49:18,rwanda,angola,rwanda-fw-252.net.rwanda.cmu.local,172.29.52.1,1,1
Tue,19:49:18,rwanda,angola,41.74.174.49,41.74.174.49,4,2
Tue,19:49:18,rwanda,angola,197.243.126.165,197.243.126.165,5,3
Tue,19:49:18,rwanda,angola,192.168.1.253,192.168.1.253,5,4
Tue,19:49:18,rwanda,angola,192.168.1.230,192.168.1.230,5,5
Tue,19:49:18,rwanda,angola,197.243.126.29,197.243.126.29,5,6
Tue,19:49:18,rwanda,angola,41.223.224.210,41.223.224.210,4,7
Tue,19:49:18,rwanda,angola,197.155.94.164.liquidtelecom.net,197.155.94.164,69,8
Tue,19:49:18,rwanda,angola,teng0-2-0-0.lke-p2-nbi.liquidtelecom.net,197.155.94.96,69,9
Tue,19:49:18,rwanda,angola,teng0-0-1-3-p1-msa.liquidtelecom.net,197.155.94.9,24,10
Tue,19:49:18,rwanda,angola,gi2-0-0.lza-p2-jhb.liquidtelecom.net,77.246.57.69,70,11
Tue,19:49:18,rwanda,angola,eth-trunk-1-pe2-jhb.liquidtelecom.net,46.17.232.13,69,12
Tue,19:49:18,rwanda,angola,angolacables.ixp.joburg,196.60.8.60,68,13
Tue,19:49:18,rwanda,angola,pe1-nc016.ang.lad.as37468.angolacables.ao,197.149.149.113,126,14
Tue,19:49:18,rwanda,angola,pe2-ne022.ang.lad.as37468.angolacables.ao,197.149.151.19,125,15
Tue,19:49:18,rwanda,angola,197.149.148.237,197.149.148.237,125,16
Tue,19:49:18,rwanda,angola,41.222.238.26,41.222.238.26,126,17
Tue,19:49:18,rwanda,angola,41.222.238.7,41.222.238.7,124,18
Tue,19:49:18,rwanda,angola,*,*,*,19
Tue,19:49:18,rwanda,angola,*,*,*,20
Tue,19:49:18,rwanda,angola,*,*,*,21
Tue,19:49:18,rwanda,angola,*,*,*,22
Tue,19:49:18,rwanda,angola,*,*,*,23
Tue,19:49:18,rwanda,angola,*,*,*,24
Tue,19:49:18,rwanda,angola,*,*,*,25
Tue,19:49:18,rwanda,angola,*,*,*,26
Tue,19:49:18,rwanda,angola,*,*,*,27
Tue,19:49:18,rwanda,angola,*,*,*,28
Tue,19:49:18,rwanda,angola,*,*,*,29
Tue,19:49:18,rwanda,angola,*,*,*,30
Tue,19:57:33,rwanda,angola,rwanda-fw-252.net.rwanda.cmu.local,172.29.52.1,1,1
Tue,19:57:33,rwanda,angola,41.74.174.49,41.74.174.49,4,2
Tue,19:57:33,rwanda,angola,197.243.126.165,197.243.126.165,5,3
Tue,19:57:33,rwanda,angola,192.168.1.253,192.168.1.253,5,4
Tue,19:57:33,rwanda,angola,192.168.1.230,192.168.1.230,5,5
Tue,19:57:33,rwanda,angola,197.243.126.29,197.243.126.29,5,6
Tue,19:57:33,rwanda,angola,41.223.224.210,41.223.224.210,5,7
Tue,19:57:33,rwanda,angola,197.155.94.164.liquidtelecom.net,197.155.94.164,69,8
Tue,19:57:33,rwanda,angola,teng0-2-0-0.lke-p2-nbi.liquidtelecom.net,197.155.94.96,69,9
Tue,19:57:33,rwanda,angola,teng0-0-1-3-p1-msa.liquidtelecom.net,197.155.94.9,24,10
Tue,19:57:33,rwanda,angola,gi2-0-0.lza-p2-jhb.liquidtelecom.net,77.246.57.69,94,11
Tue,19:57:33,rwanda,angola,eth-trunk-1-pe2-jhb.liquidtelecom.net,46.17.232.13,69,12
Tue,19:57:33,rwanda,angola,angolacables.ixp.joburg,196.60.8.60,68,13
Tue,19:57:33,rwanda,angola,pe1-nc016.ang.lad.as37468.angolacables.ao,197.149.149.113,125,14
Tue,19:57:33,rwanda,angola,pe1-ne011.ang.lad.as37468.angolacables.ao,197.149.151.3,125,15
Tue,19:57:33,rwanda,angola,197.149.148.237,197.149.148.237,125,16
Tue,19:57:33,rwanda,angola,41.222.238.26,41.222.238.26,126,17
Tue,19:57:33,rwanda,angola,41.222.238.7,41.222.238.7,124,18
Tue,19:57:33,rwanda,angola,*,*,*,19
Tue,19:57:33,rwanda,angola,*,*,*,20
Tue,19:57:33,rwanda,angola,*,*,*,21
Tue,19:57:33,rwanda,angola,*,*,*,22
Tue,19:57:33,rwanda,angola,*,*,*,23
Tue,19:57:33,rwanda,angola,*,*,*,24
Tue,19:57:33,rwanda,angola,*,*,*,25
Tue,19:57:33,rwanda,angola,*,*,*,26
Tue,19:57:33,rwanda,angola,*,*,*,27
Tue,19:57:33,rwanda,angola,*,*,*,28
Tue,19:57:33,rwanda,angola,*,*,*,29
Tue,19:57:33,rwanda,angola,*,*,*,30
Tue,20:05:34,rwanda,angola,rwanda-fw-252.net.rwanda.cmu.local,172.29.52.1,1,1
Tue,20:05:34,rwanda,angola,41.74.174.49,41.74.174.49,4,2
Tue,20:05:34,rwanda,angola,197.243.126.165,197.243.126.165,5,3
Tue,20:05:34,rwanda,angola,192.168.1.253,192.168.1.253,5,4
Tue,20:05:34,rwanda,angola,192.168.1.230,192.168.1.230,5,5
Tue,20:05:34,rwanda,angola,197.243.126.29,197.243.126.29,5,6
Tue,20:05:34,rwanda,angola,41.223.224.210,41.223.224.210,4,7
Tue,20:05:34,rwanda,angola,197.155.94.164.liquidtelecom.net,197.155.94.164,69,8
Tue,20:05:34,rwanda,angola,pos0-1-1-2-p1-msa.liquidtelecom.net,197.155.94.42,71,9
Tue,20:05:34,rwanda,angola,ten-0-1-1-1-p1-msa.liquidtelecom.net,197.155.94.75,25,10
Tue,20:05:34,rwanda,angola,gi2-0-0.lza-p2-jhb.liquidtelecom.net,77.246.57.69,72,11
Tue,20:05:34,rwanda,angola,eth-trunk-1-pe2-jhb.liquidtelecom.net,46.17.232.13,133,12
Tue,20:05:34,rwanda,angola,angolacables.ixp.joburg,196.60.8.60,139,13
Tue,20:05:34,rwanda,angola,pe1-nc016.ang.lad.as37468.angolacables.ao,197.149.149.113,139,14
Tue,20:05:34,rwanda,angola,pe1-ne011.ang.lad.as37468.angolacables.ao,197.149.151.3,139,15
Tue,20:05:34,rwanda,angola,197.149.148.237,197.149.148.237,345,16
Tue,20:05:34,rwanda,angola,41.222.238.26,41.222.238.26,139,17
Tue,20:05:34,rwanda,angola,41.222.238.7,41.222.238.7,142,18
Tue,20:05:34,rwanda,angola,*,*,*,19
Tue,20:05:34,rwanda,angola,*,*,*,20
Tue,20:05:34,rwanda,angola,*,*,*,21
Tue,20:05:34,rwanda,angola,*,*,*,22
Tue,20:05:34,rwanda,angola,*,*,*,23
Tue,20:05:34,rwanda,angola,*,*,*,24
Tue,20:05:34,rwanda,angola,*,*,*,25
Tue,20:05:34,rwanda,angola,*,*,*,26
Tue,20:05:34,rwanda,angola,*,*,*,27
Tue,20:05:34,rwanda,angola,*,*,*,28
Tue,20:05:34,rwanda,angola,*,*,*,29
Tue,20:05:34,rwanda,angola,*,*,*,30
Tue,20:13:45,rwanda,angola,rwanda-fw-252.net.rwanda.cmu.local,172.29.52.1,3,1
Tue,20:13:45,rwanda,angola,41.74.174.49,41.74.174.49,7,2
Tue,20:13:45,rwanda,angola,197.243.126.165,197.243.126.165,7,3
Tue,20:13:45,rwanda,angola,192.168.1.253,192.168.1.253,7,4
Tue,20:13:45,rwanda,angola,192.168.1.230,192.168.1.230,8,5
Tue,20:13:45,rwanda,angola,197.243.126.29,197.243.126.29,22,6
Tue,20:13:45,rwanda,angola,41.223.224.210,41.223.224.210,4,7
Tue,20:13:45,rwanda,angola,197.155.94.164.liquidtelecom.net,197.155.94.164,70,8
Tue,20:13:45,rwanda,angola,pos0-1-1-2-p1-msa.liquidtelecom.net,197.155.94.42,70,9
Tue,20:13:45,rwanda,angola,ten-0-1-1-1-p1-msa.liquidtelecom.net,197.155.94.75,24,10
Tue,20:13:45,rwanda,angola,gi2-0-0.lza-p2-jhb.liquidtelecom.net,77.246.57.69,71,11
Tue,20:13:45,rwanda,angola,eth-trunk-1-pe2-jhb.liquidtelecom.net,46.17.232.13,68,12
Tue,20:13:45,rwanda,angola,angolacables.ixp.joburg,196.60.8.60,68,13
Tue,20:13:45,rwanda,angola,pe1-nc016.ang.lad.as37468.angolacables.ao,197.149.149.113,124,14
Tue,20:13:45,rwanda,angola,pe1-ne011.ang.lad.as37468.angolacables.ao,197.149.151.3,126,15
Tue,20:13:45,rwanda,angola,197.149.148.237,197.149.148.237,125,16
Tue,20:13:45,rwanda,angola,41.222.238.26,41.222.238.26,126,17
Tue,20:13:45,rwanda,angola,41.222.238.7,41.222.238.7,123,18
Tue,20:13:45,rwanda,angola,*,*,*,19
Tue,20:13:45,rwanda,angola,*,*,*,20
Tue,20:13:45,rwanda,angola,*,*,*,21
Tue,20:13:45,rwanda,angola,*,*,*,22
Tue,20:13:45,rwanda,angola,*,*,*,23
Tue,20:13:45,rwanda,angola,*,*,*,24
Tue,20:13:45,rwanda,angola,*,*,*,25
Tue,20:13:45,rwanda,angola,*,*,*,26
Tue,20:13:45,rwanda,angola,*,*,*,27
Tue,20:13:45,rwanda,angola,*,*,*,28
Tue,20:13:45,rwanda,angola,*,*,*,29
Tue,20:13:45,rwanda,angola,*,*,*,30
Tue,20:21:57,rwanda,angola,rwanda-fw-252.net.rwanda.cmu.local,172.29.52.1,2,1
Tue,20:21:57,rwanda,angola,41.74.174.49,41.74.174.49,5,2
Tue,20:21:57,rwanda,angola,197.243.126.165,197.243.126.165,6,3
Tue,20:21:57,rwanda,angola,192.168.1.253,192.168.1.253,6,4
Tue,20:21:57,rwanda,angola,192.168.1.230,192.168.1.230,6,5
Tue,20:21:57,rwanda,angola,197.243.126.29,197.243.126.29,72,6
Tue,20:21:57,rwanda,angola,41.223.224.210,41.223.224.210,76,7
Tue,20:21:57,rwanda,angola,197.155.94.164.liquidtelecom.net,197.155.94.164,209,8
Tue,20:21:57,rwanda,angola,teng0-2-0-0.lke-p2-nbi.liquidtelecom.net,197.155.94.96,209,9
Tue,20:21:57,rwanda,angola,ten-0-1-1-1-p1-msa.liquidtelecom.net,197.155.94.75,100,10
Tue,20:21:57,rwanda,angola,gi2-0-0.lza-p2-jhb.liquidtelecom.net,77.246.57.69,209,11
Tue,20:21:57,rwanda,angola,eth-trunk-1-pe2-jhb.liquidtelecom.net,46.17.232.13,68,12
Tue,20:21:57,rwanda,angola,angolacables.ixp.joburg,196.60.8.60,67,13
Tue,20:21:57,rwanda,angola,pe1-nc016.ang.lad.as37468.angolacables.ao,197.149.149.113,123,14
Tue,20:21:57,rwanda,angola,pe1-ne011.ang.lad.as37468.angolacables.ao,197.149.151.3,125,15
Tue,20:21:57,rwanda,angola,197.149.148.237,197.149.148.237,125,16
Tue,20:21:57,rwanda,angola,41.222.238.26,41.222.238.26,126,17
Tue,20:21:57,rwanda,angola,41.222.238.7,41.222.238.7,124,18
Tue,20:21:57,rwanda,angola,*,*,*,19
Tue,20:21:57,rwanda,angola,*,*,*,20
Tue,20:21:57,rwanda,angola,*,*,*,21
Tue,20:21:57,rwanda,angola,*,*,*,22
Tue,20:21:57,rwanda,angola,*,*,*,23
Tue,20:21:57,rwanda,angola,*,*,*,24
Tue,20:21:57,rwanda,angola,*,*,*,25
Tue,20:21:57,rwanda,angola,*,*,*,26
Tue,20:21:57,rwanda,angola,*,*,*,27
Tue,20:21:57,rwanda,angola,*,*,*,28
Tue,20:21:57,rwanda,angola,*,*,*,29
Tue,20:21:57,rwanda,angola,*,*,*,30
Tue,20:29:59,rwanda,angola,rwanda-fw-252.net.rwanda.cmu.local,172.29.52.1,1,1
Tue,20:29:59,rwanda,angola,41.74.174.49,41.74.174.49,4,2
Tue,20:29:59,rwanda,angola,197.243.126.165,197.243.126.165,6,3
Tue,20:29:59,rwanda,angola,192.168.1.253,192.168.1.253,6,4
Tue,20:29:59,rwanda,angola,192.168.1.230,192.168.1.230,6,5
Tue,20:29:59,rwanda,angola,197.243.126.29,197.243.126.29,6,6
Tue,20:29:59,rwanda,angola,41.223.224.210,41.223.224.210,4,7
Tue,20:29:59,rwanda,angola,197.155.94.164.liquidtelecom.net,197.155.94.164,79,8
Tue,20:29:59,rwanda,angola,pos0-1-1-2-p1-msa.liquidtelecom.net,197.155.94.42,80,9
Tue,20:29:59,rwanda,angola,197.155.94.167.liquidtelecom.net,197.155.94.167,24,10
Tue,20:29:59,rwanda,angola,gi2-0-0.lza-p2-jhb.liquidtelecom.net,77.246.57.69,80,11
Tue,20:29:59,rwanda,angola,eth-trunk-1-pe2-jhb.liquidtelecom.net,46.17.232.13,76,12
Tue,20:29:59,rwanda,angola,angolacables.ixp.joburg,196.60.8.60,67,13
Tue,20:29:59,rwanda,angola,pe1-nc016.ang.lad.as37468.angolacables.ao,197.149.149.113,124,14
Tue,20:29:59,rwanda,angola,pe1-ne011.ang.lad.as37468.angolacables.ao,197.149.151.3,126,15
Tue,20:29:59,rwanda,angola,197.149.148.237,197.149.148.237,125,16
Tue,20:29:59,rwanda,angola,41.222.238.26,41.222.238.26,125,17
Tue,20:29:59,rwanda,angola,41.222.238.7,41.222.238.7,124,18
Tue,20:29:59,rwanda,angola,*,*,*,19
Tue,20:29:59,rwanda,angola,*,*,*,20
Tue,20:29:59,rwanda,angola,*,*,*,21
Tue,20:29:59,rwanda,angola,*,*,*,22
Tue,20:29:59,rwanda,angola,*,*,*,23
Tue,20:29:59,rwanda,angola,*,*,*,24
Tue,20:29:59,rwanda,angola,*,*,*,25
Tue,20:29:59,rwanda,angola,*,*,*,26
Tue,20:29:59,rwanda,angola,*,*,*,27
Tue,20:29:59,rwanda,angola,*,*,*,28
Tue,20:29:59,rwanda,angola,*,*,*,29
Tue,20:29:59,rwanda,angola,*,*,*,30
Tue,20:37:59,rwanda,angola,rwanda-fw-252.net.rwanda.cmu.local,172.29.52.1,1,1
Tue,20:37:59,rwanda,angola,41.74.174.49,41.74.174.49,5,2
Tue,20:37:59,rwanda,angola,197.243.126.165,197.243.126.165,6,3
Tue,20:37:59,rwanda,angola,192.168.1.253,192.168.1.253,6,4
Tue,20:37:59,rwanda,angola,192.168.1.230,192.168.1.230,6,5
Tue,20:37:59,rwanda,angola,197.243.126.29,197.243.126.29,6,6
Tue,20:37:59,rwanda,angola,41.223.224.210,41.223.224.210,4,7
Tue,20:37:59,rwanda,angola,197.155.94.164.liquidtelecom.net,197.155.94.164,151,8
Tue,20:37:59,rwanda,angola,pos0-1-1-2-p1-msa.liquidtelecom.net,197.155.94.42,151,9
Tue,20:37:59,rwanda,angola,ten-0-1-1-1-p1-msa.liquidtelecom.net,197.155.94.75,24,10
Tue,20:37:59,rwanda,angola,gi2-0-0.lza-p2-jhb.liquidtelecom.net,77.246.57.69,151,11
Tue,20:37:59,rwanda,angola,eth-trunk-1-pe2-jhb.liquidtelecom.net,46.17.232.13,147,12
Tue,20:37:59,rwanda,angola,angolacables.ixp.joburg,196.60.8.60,69,13
Tue,20:37:59,rwanda,angola,pe2-ne026.ang.lad.as37468.angolacables.ao,197.149.149.117,126,14
Tue,20:37:59,rwanda,angola,pe2-ne022.ang.lad.as37468.angolacables.ao,197.149.151.19,128,15
Tue,20:37:59,rwanda,angola,197.149.148.237,197.149.148.237,128,16
Tue,20:37:59,rwanda,angola,41.222.238.26,41.222.238.26,129,17
Tue,20:37:59,rwanda,angola,41.222.238.7,41.222.238.7,132,18
Tue,20:37:59,rwanda,angola,*,*,*,19
Tue,20:37:59,rwanda,angola,*,*,*,20
Tue,20:37:59,rwanda,angola,*,*,*,21
Tue,20:37:59,rwanda,angola,*,*,*,22
Tue,20:37:59,rwanda,angola,*,*,*,23
Tue,20:37:59,rwanda,angola,*,*,*,24
Tue,20:37:59,rwanda,angola,*,*,*,25
Tue,20:37:59,rwanda,angola,*,*,*,26
Tue,20:37:59,rwanda,angola,*,*,*,27
Tue,20:37:59,rwanda,angola,*,*,*,28
Tue,20:37:59,rwanda,angola,*,*,*,29
Tue,20:37:59,rwanda,angola,*,*,*,30
Tue,20:46:06,rwanda,angola,rwanda-fw-252.net.rwanda.cmu.local,172.29.52.1,7,1
Tue,20:46:06,rwanda,angola,41.74.174.49,41.74.174.49,10,2
Tue,20:46:06,rwanda,angola,197.243.126.165,197.243.126.165,13,3
Tue,20:46:06,rwanda,angola,192.168.1.253,192.168.1.253,13,4
Tue,20:46:06,rwanda,angola,192.168.1.230,192.168.1.230,13,5
Tue,20:46:06,rwanda,angola,197.243.126.29,197.243.126.29,68,6
Tue,20:46:06,rwanda,angola,41.223.224.210,41.223.224.210,4,7
Tue,20:46:06,rwanda,angola,197.155.94.164.liquidtelecom.net,197.155.94.164,69,8
Tue,20:46:06,rwanda,angola,pos0-1-1-2-p1-msa.liquidtelecom.net,197.155.94.42,69,9
Tue,20:46:06,rwanda,angola,*,*,*,10
Tue,20:46:06,rwanda,angola,gi2-0-0.lza-p2-jhb.liquidtelecom.net,77.246.57.69,67,11
Tue,20:46:06,rwanda,angola,eth-trunk-1-pe2-jhb.liquidtelecom.net,46.17.232.13,69,12
Tue,20:46:06,rwanda,angola,angolacables.ixp.joburg,196.60.8.60,68,13
Tue,20:46:06,rwanda,angola,pe1-nc016.ang.lad.as37468.angolacables.ao,197.149.149.113,124,14
Tue,20:46:06,rwanda,angola,pe2-ne022.ang.lad.as37468.angolacables.ao,197.149.151.19,124,15
Tue,20:46:06,rwanda,angola,197.149.148.237,197.149.148.237,125,16
Tue,20:46:06,rwanda,angola,41.222.238.26,41.222.238.26,123,17
Tue,20:46:06,rwanda,angola,41.222.238.7,41.222.238.7,125,18
Tue,20:46:06,rwanda,angola,*,*,*,19
Tue,20:46:06,rwanda,angola,*,*,*,20
Tue,20:46:06,rwanda,angola,*,*,*,21
Tue,20:46:06,rwanda,angola,*,*,*,22
Tue,20:46:06,rwanda,angola,*,*,*,23
Tue,20:46:06,rwanda,angola,*,*,*,24
Tue,20:46:06,rwanda,angola,*,*,*,25
Tue,20:46:06,rwanda,angola,*,*,*,26
Tue,20:46:06,rwanda,angola,*,*,*,27
Tue,20:46:06,rwanda,angola,*,*,*,28
Tue,20:46:06,rwanda,angola,*,*,*,29
Tue,20:46:06,rwanda,angola,*,*,*,30
Tue,20:54:52,rwanda,angola,rwanda-fw-252.net.rwanda.cmu.local,172.29.52.1,1,1
Tue,20:54:52,rwanda,angola,41.74.174.49,41.74.174.49,4,2
Tue,20:54:52,rwanda,angola,197.243.126.165,197.243.126.165,5,3
Tue,20:54:52,rwanda,angola,192.168.1.253,192.168.1.253,5,4
Tue,20:54:52,rwanda,angola,192.168.1.230,192.168.1.230,5,5
Tue,20:54:52,rwanda,angola,197.243.126.29,197.243.126.29,5,6
Tue,20:54:52,rwanda,angola,41.223.224.210,41.223.224.210,4,7
Tue,20:54:52,rwanda,angola,197.155.94.164.liquidtelecom.net,197.155.94.164,70,8
Tue,20:54:52,rwanda,angola,pos0-1-1-2-p1-msa.liquidtelecom.net,197.155.94.42,70,9
Tue,20:54:52,rwanda,angola,197.155.94.167.liquidtelecom.net,197.155.94.167,24,10
Tue,20:54:52,rwanda,angola,gi2-0-0.lza-p2-jhb.liquidtelecom.net,77.246.57.69,72,11
Tue,20:54:52,rwanda,angola,eth-trunk-1-pe2-jhb.liquidtelecom.net,46.17.232.13,69,12
Tue,20:54:52,rwanda,angola,angolacables.ixp.joburg,196.60.8.60,67,13
Tue,20:54:52,rwanda,angola,pe2-ne026.ang.lad.as37468.angolacables.ao,197.149.149.117,125,14
Tue,20:54:52,rwanda,angola,pe1-ne011.ang.lad.as37468.angolacables.ao,197.149.151.3,125,15
Tue,20:54:52,rwanda,angola,197.149.148.237,197.149.148.237,125,16
Tue,20:54:52,rwanda,angola,41.222.238.26,41.222.238.26,125,17
Tue,20:54:52,rwanda,angola,41.222.238.7,41.222.238.7,123,18
Tue,20:54:52,rwanda,angola,*,*,*,19
Tue,20:54:52,rwanda,angola,*,*,*,20
Tue,20:54:52,rwanda,angola,*,*,*,21
Tue,20:54:52,rwanda,angola,*,*,*,22
Tue,20:54:52,rwanda,angola,*,*,*,23
Tue,20:54:52,rwanda,angola,*,*,*,24
Tue,20:54:52,rwanda,angola,*,*,*,25
Tue,20:54:52,rwanda,angola,*,*,*,26
Tue,20:54:52,rwanda,angola,*,*,*,27
Tue,20:54:52,rwanda,angola,*,*,*,28
Tue,20:54:52,rwanda,angola,*,*,*,29
Tue,20:54:52,rwanda,angola,*,*,*,30
Tue,21:11:12,rwanda,angola,rwanda-fw-252.net.rwanda.cmu.local,172.29.52.1,2,1
Tue,21:11:12,rwanda,angola,41.74.174.49,41.74.174.49,2,2
Tue,21:11:12,rwanda,angola,197.243.126.165,197.243.126.165,4,3
Tue,21:11:12,rwanda,angola,192.168.1.253,192.168.1.253,5,4
Tue,21:11:12,rwanda,angola,192.168.1.230,192.168.1.230,5,5
Tue,21:11:12,rwanda,angola,197.243.126.29,197.243.126.29,5,6
Tue,21:11:12,rwanda,angola,41.223.224.210,41.223.224.210,4,7
Tue,21:11:12,rwanda,angola,197.155.94.164.liquidtelecom.net,197.155.94.164,68,8
Tue,21:11:12,rwanda,angola,teng0-2-0-0.lke-p2-nbi.liquidtelecom.net,197.155.94.96,69,9
Tue,21:11:12,rwanda,angola,teng0-0-1-3-p1-msa.liquidtelecom.net,197.155.94.9,29,10
Tue,21:11:12,rwanda,angola,gi2-0-0.lza-p2-jhb.liquidtelecom.net,77.246.57.69,71,11
Tue,21:11:12,rwanda,angola,eth-trunk-1-pe2-jhb.liquidtelecom.net,46.17.232.13,72,12
Tue,21:11:12,rwanda,angola,angolacables.ixp.joburg,196.60.8.60,72,13
Tue,21:11:12,rwanda,angola,pe2-ne026.ang.lad.as37468.angolacables.ao,197.149.149.117,125,14
Tue,21:11:12,rwanda,angola,pe1-ne011.ang.lad.as37468.angolacables.ao,197.149.151.3,125,15
Tue,21:11:12,rwanda,angola,197.149.148.237,197.149.148.237,125,16
Tue,21:11:12,rwanda,angola,41.222.238.26,41.222.238.26,125,17
Tue,21:11:12,rwanda,angola,41.222.238.7,41.222.238.7,126,18
Tue,21:11:12,rwanda,angola,*,*,*,19
Tue,21:11:12,rwanda,angola,*,*,*,20
Tue,21:11:12,rwanda,angola,*,*,*,21
Tue,21:11:12,rwanda,angola,*,*,*,22
Tue,21:11:12,rwanda,angola,*,*,*,23
Tue,21:11:12,rwanda,angola,*,*,*,24
Tue,21:11:12,rwanda,angola,*,*,*,25
Tue,21:11:12,rwanda,angola,*,*,*,26
Tue,21:11:12,rwanda,angola,*,*,*,27
Tue,21:11:12,rwanda,angola,*,*,*,28
Tue,21:11:12,rwanda,angola,*,*,*,29
Tue,21:11:12,rwanda,angola,*,*,*,30
Tue,21:19:19,rwanda,angola,rwanda-fw-252.net.rwanda.cmu.local,172.29.52.1,1,1
Tue,21:19:19,rwanda,angola,41.74.174.49,41.74.174.49,4,2
Tue,21:19:19,rwanda,angola,197.243.126.165,197.243.126.165,5,3
Tue,21:19:19,rwanda,angola,192.168.1.253,192.168.1.253,5,4
Tue,21:19:19,rwanda,angola,192.168.1.230,192.168.1.230,5,5
Tue,21:19:19,rwanda,angola,197.243.126.29,197.243.126.29,34,6
Tue,21:19:19,rwanda,angola,41.223.224.210,41.223.224.210,5,7
Tue,21:19:19,rwanda,angola,197.155.94.164.liquidtelecom.net,197.155.94.164,68,8
Tue,21:19:19,rwanda,angola,teng0-2-0-0.lke-p2-nbi.liquidtelecom.net,197.155.94.96,69,9
Tue,21:19:19,rwanda,angola,teng0-0-1-3-p1-msa.liquidtelecom.net,197.155.94.9,24,10
Tue,21:19:19,rwanda,angola,gi2-0-0.lza-p2-jhb.liquidtelecom.net,77.246.57.69,71,11
Tue,21:19:19,rwanda,angola,eth-trunk-1-pe2-jhb.liquidtelecom.net,46.17.232.13,69,12
Tue,21:19:19,rwanda,angola,angolacables.ixp.joburg,196.60.8.60,68,13
Tue,21:19:19,rwanda,angola,pe1-nc016.ang.lad.as37468.angolacables.ao,197.149.149.113,124,14
Tue,21:19:19,rwanda,angola,pe1-ne011.ang.lad.as37468.angolacables.ao,197.149.151.3,125,15
Tue,21:19:19,rwanda,angola,197.149.148.237,197.149.148.237,126,16
Tue,21:19:19,rwanda,angola,41.222.238.26,41.222.238.26,126,17
Tue,21:19:19,rwanda,angola,41.222.238.7,41.222.238.7,123,18
Tue,21:19:19,rwanda,angola,*,*,*,19
Tue,21:19:19,rwanda,angola,*,*,*,20
Tue,21:19:19,rwanda,angola,*,*,*,21
Tue,21:19:19,rwanda,angola,*,*,*,22
Tue,21:19:19,rwanda,angola,*,*,*,23
Tue,21:19:19,rwanda,angola,*,*,*,24
Tue,21:19:19,rwanda,angola,*,*,*,25
Tue,21:19:19,rwanda,angola,*,*,*,26
Tue,21:19:19,rwanda,angola,*,*,*,27
Tue,21:19:19,rwanda,angola,*,*,*,28
Tue,21:19:19,rwanda,angola,*,*,*,29
Tue,21:19:19,rwanda,angola,*,*,*,30
Tue,21:27:15,rwanda,angola,rwanda-fw-252.net.rwanda.cmu.local,172.29.52.1,1,1
Tue,21:27:15,rwanda,angola,41.74.174.49,41.74.174.49,5,2
Tue,21:27:15,rwanda,angola,197.243.126.165,197.243.126.165,5,3
Tue,21:27:15,rwanda,angola,192.168.1.253,192.168.1.253,5,4
Tue,21:27:15,rwanda,angola,192.168.1.230,192.168.1.230,5,5
Tue,21:27:15,rwanda,angola,197.243.126.29,197.243.126.29,7,6
Tue,21:27:15,rwanda,angola,41.223.224.210,41.223.224.210,5,7
Tue,21:27:15,rwanda,angola,197.155.94.164.liquidtelecom.net,197.155.94.164,69,8
Tue,21:27:15,rwanda,angola,teng0-2-0-0.lke-p2-nbi.liquidtelecom.net,197.155.94.96,70,9
Tue,21:27:15,rwanda,angola,197.155.94.167.liquidtelecom.net,197.155.94.167,25,10
Tue,21:27:15,rwanda,angola,gi2-0-0.lza-p2-jhb.liquidtelecom.net,77.246.57.69,72,11
Tue,21:27:15,rwanda,angola,eth-trunk-1-pe2-jhb.liquidtelecom.net,46.17.232.13,69,12
Tue,21:27:15,rwanda,angola,angolacables.ixp.joburg,196.60.8.60,68,13
Tue,21:27:15,rwanda,angola,pe1-nc016.ang.lad.as37468.angolacables.ao,197.149.149.113,124,14
Tue,21:27:15,rwanda,angola,pe1-ne011.ang.lad.as37468.angolacables.ao,197.149.151.3,124,15
Tue,21:27:15,rwanda,angola,197.149.148.237,197.149.148.237,128,16
Tue,21:27:15,rwanda,angola,41.222.238.26,41.222.238.26,128,17
Tue,21:27:15,rwanda,angola,41.222.238.7,41.222.238.7,128,18
Tue,21:27:15,rwanda,angola,*,*,*,19
Tue,21:27:15,rwanda,angola,*,*,*,20
Tue,21:27:15,rwanda,angola,*,*,*,21
Tue,21:27:15,rwanda,angola,*,*,*,22
Tue,21:27:15,rwanda,angola,*,*,*,23
Tue,21:27:15,rwanda,angola,*,*,*,24
Tue,21:27:15,rwanda,angola,*,*,*,25
Tue,21:27:15,rwanda,angola,*,*,*,26
Tue,21:27:15,rwanda,angola,*,*,*,27
Tue,21:27:15,rwanda,angola,*,*,*,28
Tue,21:27:15,rwanda,angola,*,*,*,29
Tue,21:27:15,rwanda,angola,*,*,*,30
Tue,21:35:32,rwanda,angola,rwanda-fw-252.net.rwanda.cmu.local,172.29.52.1,1,1
Tue,21:35:32,rwanda,angola,41.74.174.49,41.74.174.49,4,2
Tue,21:35:32,rwanda,angola,197.243.126.165,197.243.126.165,5,3
Tue,21:35:32,rwanda,angola,192.168.1.253,192.168.1.253,5,4
Tue,21:35:32,rwanda,angola,192.168.1.230,192.168.1.230,5,5
Tue,21:35:32,rwanda,angola,197.243.126.29,197.243.126.29,5,6
Tue,21:35:32,rwanda,angola,41.223.224.210,41.223.224.210,12,7
Tue,21:35:32,rwanda,angola,197.155.94.164.liquidtelecom.net,197.155.94.164,68,8
Tue,21:35:32,rwanda,angola,*,*,*,9
Tue,21:35:32,rwanda,angola,ten-0-1-1-1-p1-msa.liquidtelecom.net,197.155.94.75,29,10
Tue,21:35:32,rwanda,angola,gi2-0-0.lza-p2-jhb.liquidtelecom.net,77.246.57.69,71,11
Tue,21:35:32,rwanda,angola,*,*,*,12
Tue,21:35:32,rwanda,angola,angolacables.ixp.joburg,196.60.8.60,67,13
Tue,21:35:32,rwanda,angola,pe1-nc016.ang.lad.as37468.angolacables.ao,197.149.149.113,123,14
Tue,21:35:32,rwanda,angola,pe1-ne011.ang.lad.as37468.angolacables.ao,197.149.151.3,125,15
Tue,21:35:32,rwanda,angola,197.149.148.237,197.149.148.237,125,16
Tue,21:35:32,rwanda,angola,41.222.238.26,41.222.238.26,125,17
Tue,21:35:32,rwanda,angola,41.222.238.7,41.222.238.7,125,18
Tue,21:35:32,rwanda,angola,*,*,*,19
Tue,21:35:32,rwanda,angola,*,*,*,20
Tue,21:35:32,rwanda,angola,*,*,*,21
Tue,21:35:32,rwanda,angola,*,*,*,22
Tue,21:35:32,rwanda,angola,*,*,*,23
Tue,21:35:32,rwanda,angola,*,*,*,24
Tue,21:35:32,rwanda,angola,*,*,*,25
Tue,21:35:32,rwanda,angola,*,*,*,26
Tue,21:35:32,rwanda,angola,*,*,*,27
Tue,21:35:32,rwanda,angola,*,*,*,28
Tue,21:35:32,rwanda,angola,*,*,*,29
Tue,21:35:32,rwanda,angola,*,*,*,30
Tue,21:43:29,rwanda,angola,rwanda-fw-252.net.rwanda.cmu.local,172.29.52.1,2,1
Tue,21:43:29,rwanda,angola,41.74.174.49,41.74.174.49,5,2
Tue,21:43:29,rwanda,angola,197.243.126.165,197.243.126.165,6,3
Tue,21:43:29,rwanda,angola,192.168.1.253,192.168.1.253,6,4
Tue,21:43:29,rwanda,angola,192.168.1.230,192.168.1.230,6,5
Tue,21:43:29,rwanda,angola,197.243.126.29,197.243.126.29,6,6
Tue,21:43:29,rwanda,angola,41.223.224.210,41.223.224.210,4,7
Tue,21:43:29,rwanda,angola,197.155.94.164.liquidtelecom.net,197.155.94.164,70,8
Tue,21:43:29,rwanda,angola,teng0-2-0-0.lke-p2-nbi.liquidtelecom.net,197.155.94.96,70,9
Tue,21:43:29,rwanda,angola,197.155.94.167.liquidtelecom.net,197.155.94.167,25,10
Tue,21:43:29,rwanda,angola,gi2-0-0.lza-p2-jhb.liquidtelecom.net,77.246.57.69,72,11
Tue,21:43:29,rwanda,angola,eth-trunk-1-pe2-jhb.liquidtelecom.net,46.17.232.13,69,12
Tue,21:43:29,rwanda,angola,angolacables.ixp.joburg,196.60.8.60,68,13
Tue,21:43:29,rwanda,angola,pe1-nc016.ang.lad.as37468.angolacables.ao,197.149.149.113,124,14
Tue,21:43:29,rwanda,angola,pe1-ne011.ang.lad.as37468.angolacables.ao,197.149.151.3,124,15
Tue,21:43:29,rwanda,angola,197.149.148.237,197.149.148.237,125,16
Tue,21:43:29,rwanda,angola,41.222.238.26,41.222.238.26,125,17
Tue,21:43:29,rwanda,angola,41.222.238.7,41.222.238.7,124,18
Tue,21:43:29,rwanda,angola,*,*,*,19
Tue,21:43:29,rwanda,angola,*,*,*,20
Tue,21:43:29,rwanda,angola,*,*,*,21
Tue,21:43:29,rwanda,angola,*,*,*,22
Tue,21:43:29,rwanda,angola,*,*,*,23
Tue,21:43:29,rwanda,angola,*,*,*,24
Tue,21:43:29,rwanda,angola,*,*,*,25
Tue,21:43:29,rwanda,angola,*,*,*,26
Tue,21:43:29,rwanda,angola,*,*,*,27
Tue,21:43:29,rwanda,angola,*,*,*,28
Tue,21:43:29,rwanda,angola,*,*,*,29
Tue,21:43:29,rwanda,angola,*,*,*,30
Tue,21:51:38,rwanda,angola,rwanda-fw-252.net.rwanda.cmu.local,172.29.52.1,2,1
Tue,21:51:38,rwanda,angola,41.74.174.49,41.74.174.49,4,2
Tue,21:51:38,rwanda,angola,197.243.126.165,197.243.126.165,5,3
Tue,21:51:38,rwanda,angola,192.168.1.253,192.168.1.253,6,4
Tue,21:51:38,rwanda,angola,192.168.1.230,192.168.1.230,8,5
Tue,21:51:38,rwanda,angola,197.243.126.29,197.243.126.29,9,6
Tue,21:51:38,rwanda,angola,41.223.224.210,41.223.224.210,5,7
Tue,21:51:38,rwanda,angola,197.155.94.164.liquidtelecom.net,197.155.94.164,70,8
Tue,21:51:38,rwanda,angola,pos0-1-1-2-p1-msa.liquidtelecom.net,197.155.94.42,70,9
Tue,21:51:38,rwanda,angola,ten-0-1-1-1-p1-msa.liquidtelecom.net,197.155.94.75,24,10
Tue,21:51:38,rwanda,angola,gi2-0-0.lza-p2-jhb.liquidtelecom.net,77.246.57.69,71,11
Tue,21:51:38,rwanda,angola,eth-trunk-1-pe2-jhb.liquidtelecom.net,46.17.232.13,69,12
Tue,21:51:38,rwanda,angola,angolacables.ixp.joburg,196.60.8.60,68,13
Tue,21:51:38,rwanda,angola,pe2-ne026.ang.lad.as37468.angolacables.ao,197.149.149.117,124,14
Tue,21:51:38,rwanda,angola,pe1-ne011.ang.lad.as37468.angolacables.ao,197.149.151.3,123,15
Tue,21:51:38,rwanda,angola,197.149.148.237,197.149.148.237,124,16
Tue,21:51:38,rwanda,angola,41.222.238.26,41.222.238.26,125,17
Tue,21:51:38,rwanda,angola,41.222.238.7,41.222.238.7,124,18
Tue,21:51:38,rwanda,angola,*,*,*,19
Tue,21:51:38,rwanda,angola,*,*,*,20
Tue,21:51:38,rwanda,angola,*,*,*,21
Tue,21:51:38,rwanda,angola,*,*,*,22
Tue,21:51:38,rwanda,angola,*,*,*,23
Tue,21:51:38,rwanda,angola,*,*,*,24
Tue,21:51:38,rwanda,angola,*,*,*,25
Tue,21:51:38,rwanda,angola,*,*,*,26
Tue,21:51:38,rwanda,angola,*,*,*,27
Tue,21:51:38,rwanda,angola,*,*,*,28
Tue,21:51:38,rwanda,angola,*,*,*,29
Tue,21:51:38,rwanda,angola,*,*,*,30
Tue,21:59:51,rwanda,angola,rwanda-fw-252.net.rwanda.cmu.local,172.29.52.1,1,1
Tue,21:59:51,rwanda,angola,41.74.174.49,41.74.174.49,4,2
Tue,21:59:51,rwanda,angola,197.243.126.165,197.243.126.165,5,3
Tue,21:59:51,rwanda,angola,192.168.1.253,192.168.1.253,5,4
Tue,21:59:51,rwanda,angola,192.168.1.230,192.168.1.230,5,5
Tue,21:59:51,rwanda,angola,197.243.126.29,197.243.126.29,5,6
Tue,21:59:51,rwanda,angola,41.223.224.210,41.223.224.210,5,7
Tue,21:59:51,rwanda,angola,197.155.94.164.liquidtelecom.net,197.155.94.164,69,8
Tue,21:59:51,rwanda,angola,pos0-1-1-2-p1-msa.liquidtelecom.net,197.155.94.42,70,9
Tue,21:59:51,rwanda,angola,197.155.94.167.liquidtelecom.net,197.155.94.167,24,10
Tue,21:59:51,rwanda,angola,gi2-0-0.lza-p2-jhb.liquidtelecom.net,77.246.57.69,70,11
Tue,21:59:51,rwanda,angola,eth-trunk-1-pe2-jhb.liquidtelecom.net,46.17.232.13,69,12
Tue,21:59:51,rwanda,angola,angolacables.ixp.joburg,196.60.8.60,68,13
Tue,21:59:51,rwanda,angola,pe1-nc016.ang.lad.as37468.angolacables.ao,197.149.149.113,124,14
Tue,21:59:51,rwanda,angola,pe2-ne022.ang.lad.as37468.angolacables.ao,197.149.151.19,125,15
Tue,21:59:51,rwanda,angola,197.149.148.237,197.149.148.237,125,16
Tue,21:59:51,rwanda,angola,41.222.238.26,41.222.238.26,124,17
Tue,21:59:51,rwanda,angola,41.222.238.7,41.222.238.7,123,18
Tue,21:59:51,rwanda,angola,*,*,*,19
Tue,21:59:51,rwanda,angola,*,*,*,20
Tue,21:59:51,rwanda,angola,*,*,*,21
Tue,21:59:51,rwanda,angola,*,*,*,22
Tue,21:59:51,rwanda,angola,*,*,*,23
Tue,21:59:51,rwanda,angola,*,*,*,24
Tue,21:59:51,rwanda,angola,*,*,*,25
Tue,21:59:51,rwanda,angola,*,*,*,26
Tue,21:59:51,rwanda,angola,*,*,*,27
Tue,21:59:51,rwanda,angola,*,*,*,28
Tue,21:59:51,rwanda,angola,*,*,*,29
Tue,21:59:51,rwanda,angola,*,*,*,30
Tue,22:08:05,rwanda,angola,rwanda-fw-252.net.rwanda.cmu.local,172.29.52.1,2,1
Tue,22:08:05,rwanda,angola,41.74.174.49,41.74.174.49,3,2
Tue,22:08:05,rwanda,angola,197.243.126.165,197.243.126.165,7,3
Tue,22:08:05,rwanda,angola,192.168.1.253,192.168.1.253,7,4
Tue,22:08:05,rwanda,angola,192.168.1.230,192.168.1.230,8,5
Tue,22:08:05,rwanda,angola,197.243.126.29,197.243.126.29,40,6
Tue,22:08:05,rwanda,angola,41.223.224.210,41.223.224.210,7,7
Tue,22:08:05,rwanda,angola,197.155.94.164.liquidtelecom.net,197.155.94.164,69,8
Tue,22:08:05,rwanda,angola,pos0-1-1-2-p1-msa.liquidtelecom.net,197.155.94.42,70,9
Tue,22:08:05,rwanda,angola,197.155.94.167.liquidtelecom.net,197.155.94.167,24,10
Tue,22:08:05,rwanda,angola,gi2-0-0.lza-p2-jhb.liquidtelecom.net,77.246.57.69,71,11
Tue,22:08:05,rwanda,angola,eth-trunk-1-pe2-jhb.liquidtelecom.net,46.17.232.13,69,12
Tue,22:08:05,rwanda,angola,angolacables.ixp.joburg,196.60.8.60,67,13
Tue,22:08:05,rwanda,angola,pe1-nc016.ang.lad.as37468.angolacables.ao,197.149.149.113,124,14
Tue,22:08:05,rwanda,angola,pe1-ne011.ang.lad.as37468.angolacables.ao,197.149.151.3,125,15
Tue,22:08:05,rwanda,angola,197.149.148.237,197.149.148.237,125,16
Tue,22:08:05,rwanda,angola,41.222.238.26,41.222.238.26,123,17
Tue,22:08:05,rwanda,angola,41.222.238.7,41.222.238.7,123,18
Tue,22:08:05,rwanda,angola,*,*,*,19
Tue,22:08:05,rwanda,angola,*,*,*,20
Tue,22:08:05,rwanda,angola,*,*,*,21
Tue,22:08:05,rwanda,angola,*,*,*,22
Tue,22:08:05,rwanda,angola,*,*,*,23
Tue,22:08:05,rwanda,angola,*,*,*,24
Tue,22:08:05,rwanda,angola,*,*,*,25
Tue,22:08:05,rwanda,angola,*,*,*,26
Tue,22:08:05,rwanda,angola,*,*,*,27
Tue,22:08:05,rwanda,angola,*,*,*,28
Tue,22:08:05,rwanda,angola,*,*,*,29
Tue,22:08:05,rwanda,angola,*,*,*,30
Tue,22:16:15,rwanda,angola,rwanda-fw-252.net.rwanda.cmu.local,172.29.52.1,1,1
Tue,22:16:15,rwanda,angola,41.74.174.49,41.74.174.49,4,2
Tue,22:16:15,rwanda,angola,197.243.126.165,197.243.126.165,6,3
Tue,22:16:15,rwanda,angola,192.168.1.253,192.168.1.253,4,4
Tue,22:16:15,rwanda,angola,192.168.1.230,192.168.1.230,6,5
Tue,22:16:15,rwanda,angola,197.243.126.29,197.243.126.29,5,6
Tue,22:16:15,rwanda,angola,41.223.224.210,41.223.224.210,5,7
Tue,22:16:15,rwanda,angola,197.155.94.164.liquidtelecom.net,197.155.94.164,69,8
Tue,22:16:15,rwanda,angola,pos0-1-1-2-p1-msa.liquidtelecom.net,197.155.94.42,70,9
Tue,22:16:15,rwanda,angola,ten-0-1-1-1-p1-msa.liquidtelecom.net,197.155.94.75,25,10
Tue,22:16:15,rwanda,angola,gi2-0-0.lza-p2-jhb.liquidtelecom.net,77.246.57.69,72,11
Tue,22:16:15,rwanda,angola,eth-trunk-1-pe2-jhb.liquidtelecom.net,46.17.232.13,70,12
Tue,22:16:15,rwanda,angola,angolacables.ixp.joburg,196.60.8.60,68,13
Tue,22:16:15,rwanda,angola,pe2-ne026.ang.lad.as37468.angolacables.ao,197.149.149.117,126,14
Tue,22:16:15,rwanda,angola,pe1-ne011.ang.lad.as37468.angolacables.ao,197.149.151.3,124,15
Tue,22:16:15,rwanda,angola,197.149.148.237,197.149.148.237,126,16
Tue,22:16:15,rwanda,angola,41.222.238.26,41.222.238.26,127,17
Tue,22:16:15,rwanda,angola,41.222.238.7,41.222.238.7,123,18
Tue,22:16:15,rwanda,angola,*,*,*,19
Tue,22:16:15,rwanda,angola,*,*,*,20
Tue,22:16:15,rwanda,angola,*,*,*,21
Tue,22:16:15,rwanda,angola,*,*,*,22
Tue,22:16:15,rwanda,angola,*,*,*,23
Tue,22:16:15,rwanda,angola,*,*,*,24
Tue,22:16:15,rwanda,angola,*,*,*,25
Tue,22:16:15,rwanda,angola,*,*,*,26
Tue,22:16:15,rwanda,angola,*,*,*,27
Tue,22:16:15,rwanda,angola,*,*,*,28
Tue,22:16:15,rwanda,angola,*,*,*,29
Tue,22:16:15,rwanda,angola,*,*,*,30
Tue,22:24:31,rwanda,angola,rwanda-fw-252.net.rwanda.cmu.local,172.29.52.1,1,1
Tue,22:24:31,rwanda,angola,41.74.174.49,41.74.174.49,4,2
Tue,22:24:31,rwanda,angola,197.243.126.165,197.243.126.165,5,3
Tue,22:24:31,rwanda,angola,192.168.1.253,192.168.1.253,5,4
Tue,22:24:31,rwanda,angola,192.168.1.230,192.168.1.230,5,5
Tue,22:24:31,rwanda,angola,197.243.126.29,197.243.126.29,32,6
Tue,22:24:31,rwanda,angola,41.223.224.210,41.223.224.210,4,7
Tue,22:24:31,rwanda,angola,197.155.94.164.liquidtelecom.net,197.155.94.164,71,8
Tue,22:24:31,rwanda,angola,pos0-1-1-2-p1-msa.liquidtelecom.net,197.155.94.42,69,9
Tue,22:24:31,rwanda,angola,ten-0-1-1-1-p1-msa.liquidtelecom.net,197.155.94.75,24,10
Tue,22:24:31,rwanda,angola,gi2-0-0.lza-p2-jhb.liquidtelecom.net,77.246.57.69,71,11
Tue,22:24:31,rwanda,angola,eth-trunk-1-pe2-jhb.liquidtelecom.net,46.17.232.13,68,12
Tue,22:24:31,rwanda,angola,angolacables.ixp.joburg,196.60.8.60,68,13
Tue,22:24:31,rwanda,angola,pe2-ne026.ang.lad.as37468.angolacables.ao,197.149.149.117,125,14
Tue,22:24:31,rwanda,angola,pe1-ne011.ang.lad.as37468.angolacables.ao,197.149.151.3,126,15
Tue,22:24:31,rwanda,angola,197.149.148.237,197.149.148.237,126,16
Tue,22:24:31,rwanda,angola,41.222.238.26,41.222.238.26,127,17
Tue,22:24:31,rwanda,angola,41.222.238.7,41.222.238.7,124,18
Tue,22:24:31,rwanda,angola,*,*,*,19
Tue,22:24:31,rwanda,angola,*,*,*,20
Tue,22:24:31,rwanda,angola,*,*,*,21
Tue,22:24:31,rwanda,angola,*,*,*,22
Tue,22:24:31,rwanda,angola,*,*,*,23
Tue,22:24:31,rwanda,angola,*,*,*,24
Tue,22:24:31,rwanda,angola,*,*,*,25
Tue,22:24:31,rwanda,angola,*,*,*,26
Tue,22:24:31,rwanda,angola,*,*,*,27
Tue,22:24:31,rwanda,angola,*,*,*,28
Tue,22:24:31,rwanda,angola,*,*,*,29
Tue,22:24:31,rwanda,angola,*,*,*,30
Tue,22:33:04,rwanda,angola,rwanda-fw-252.net.rwanda.cmu.local,172.29.52.1,2,1
Tue,22:33:04,rwanda,angola,41.74.174.49,41.74.174.49,4,2
Tue,22:33:04,rwanda,angola,197.243.126.165,197.243.126.165,5,3
Tue,22:33:04,rwanda,angola,192.168.1.253,192.168.1.253,5,4
Tue,22:33:04,rwanda,angola,192.168.1.230,192.168.1.230,5,5
Tue,22:33:04,rwanda,angola,197.243.126.29,197.243.126.29,5,6
Tue,22:33:04,rwanda,angola,41.223.224.210,41.223.224.210,4,7
Tue,22:33:04,rwanda,angola,197.155.94.164.liquidtelecom.net,197.155.94.164,69,8
Tue,22:33:04,rwanda,angola,pos0-1-1-2-p1-msa.liquidtelecom.net,197.155.94.42,69,9
Tue,22:33:04,rwanda,angola,teng0-0-1-3-p1-msa.liquidtelecom.net,197.155.94.9,25,10
Tue,22:33:04,rwanda,angola,gi2-0-0.lza-p2-jhb.liquidtelecom.net,77.246.57.69,71,11
Tue,22:33:04,rwanda,angola,eth-trunk-1-pe2-jhb.liquidtelecom.net,46.17.232.13,69,12
Tue,22:33:04,rwanda,angola,angolacables.ixp.joburg,196.60.8.60,70,13
Tue,22:33:04,rwanda,angola,pe2-ne026.ang.lad.as37468.angolacables.ao,197.149.149.117,124,14
Tue,22:33:04,rwanda,angola,pe1-ne011.ang.lad.as37468.angolacables.ao,197.149.151.3,125,15
Tue,22:33:04,rwanda,angola,197.149.148.237,197.149.148.237,125,16
Tue,22:33:04,rwanda,angola,41.222.238.26,41.222.238.26,125,17
Tue,22:33:04,rwanda,angola,41.222.238.7,41.222.238.7,124,18
Tue,22:33:04,rwanda,angola,*,*,*,19
Tue,22:33:04,rwanda,angola,*,*,*,20
Tue,22:33:04,rwanda,angola,*,*,*,21
Tue,22:33:04,rwanda,angola,*,*,*,22
Tue,22:33:04,rwanda,angola,*,*,*,23
Tue,22:33:04,rwanda,angola,*,*,*,24
Tue,22:33:04,rwanda,angola,*,*,*,25
Tue,22:33:04,rwanda,angola,*,*,*,26
Tue,22:33:04,rwanda,angola,*,*,*,27
Tue,22:33:04,rwanda,angola,*,*,*,28
Tue,22:33:04,rwanda,angola,*,*,*,29
Tue,22:33:04,rwanda,angola,*,*,*,30
Tue,22:41:29,rwanda,angola,rwanda-fw-252.net.rwanda.cmu.local,172.29.52.1,1,1
Tue,22:41:29,rwanda,angola,41.74.174.49,41.74.174.49,5,2
Tue,22:41:29,rwanda,angola,197.243.126.165,197.243.126.165,5,3
Tue,22:41:29,rwanda,angola,192.168.1.253,192.168.1.253,6,4
Tue,22:41:29,rwanda,angola,192.168.1.230,192.168.1.230,6,5
Tue,22:41:29,rwanda,angola,197.243.126.29,197.243.126.29,6,6
Tue,22:41:29,rwanda,angola,41.223.224.210,41.223.224.210,5,7
Tue,22:41:29,rwanda,angola,197.155.94.164.liquidtelecom.net,197.155.94.164,69,8
Tue,22:41:29,rwanda,angola,pos0-1-1-2-p1-msa.liquidtelecom.net,197.155.94.42,69,9
Tue,22:41:29,rwanda,angola,197.155.94.167.liquidtelecom.net,197.155.94.167,24,10
Tue,22:41:29,rwanda,angola,gi2-0-0.lza-p2-jhb.liquidtelecom.net,77.246.57.69,72,11
Tue,22:41:29,rwanda,angola,eth-trunk-1-pe2-jhb.liquidtelecom.net,46.17.232.13,69,12
Tue,22:41:29,rwanda,angola,angolacables.ixp.joburg,196.60.8.60,67,13
Tue,22:41:29,rwanda,angola,pe1-nc016.ang.lad.as37468.angolacables.ao,197.149.149.113,123,14
Tue,22:41:29,rwanda,angola,pe2-ne022.ang.lad.as37468.angolacables.ao,197.149.151.19,125,15
Tue,22:41:29,rwanda,angola,197.149.148.237,197.149.148.237,125,16
Tue,22:41:29,rwanda,angola,41.222.238.26,41.222.238.26,125,17
Tue,22:41:29,rwanda,angola,41.222.238.7,41.222.238.7,124,18
Tue,22:41:29,rwanda,angola,*,*,*,19
Tue,22:41:29,rwanda,angola,*,*,*,20
Tue,22:41:29,rwanda,angola,*,*,*,21
Tue,22:41:29,rwanda,angola,*,*,*,22
Tue,22:41:29,rwanda,angola,*,*,*,23
Tue,22:41:29,rwanda,angola,*,*,*,24
Tue,22:41:29,rwanda,angola,*,*,*,25
Tue,22:41:29,rwanda,angola,*,*,*,26
Tue,22:41:29,rwanda,angola,*,*,*,27
Tue,22:41:29,rwanda,angola,*,*,*,28
Tue,22:41:29,rwanda,angola,*,*,*,29
Tue,22:41:29,rwanda,angola,*,*,*,30
Tue,22:49:46,rwanda,angola,rwanda-fw-252.net.rwanda.cmu.local,172.29.52.1,1,1
Tue,22:49:46,rwanda,angola,41.74.174.49,41.74.174.49,4,2
Tue,22:49:46,rwanda,angola,197.243.126.165,197.243.126.165,5,3
Tue,22:49:46,rwanda,angola,192.168.1.253,192.168.1.253,5,4
Tue,22:49:46,rwanda,angola,192.168.1.230,192.168.1.230,5,5
Tue,22:49:46,rwanda,angola,197.243.126.29,197.243.126.29,5,6
Tue,22:49:46,rwanda,angola,41.223.224.210,41.223.224.210,4,7
Tue,22:49:46,rwanda,angola,197.155.94.164.liquidtelecom.net,197.155.94.164,68,8
Tue,22:49:46,rwanda,angola,teng0-2-0-0.lke-p2-nbi.liquidtelecom.net,197.155.94.96,69,9
Tue,22:49:46,rwanda,angola,197.155.94.167.liquidtelecom.net,197.155.94.167,24,10
Tue,22:49:46,rwanda,angola,gi2-0-0.lza-p2-jhb.liquidtelecom.net,77.246.57.69,71,11
Tue,22:49:46,rwanda,angola,eth-trunk-1-pe2-jhb.liquidtelecom.net,46.17.232.13,68,12
Tue,22:49:46,rwanda,angola,angolacables.ixp.joburg,196.60.8.60,70,13
Tue,22:49:46,rwanda,angola,pe1-nc016.ang.lad.as37468.angolacables.ao,197.149.149.113,123,14
Tue,22:49:46,rwanda,angola,pe2-ne022.ang.lad.as37468.angolacables.ao,197.149.151.19,125,15
Tue,22:49:46,rwanda,angola,197.149.148.237,197.149.148.237,125,16
Tue,22:49:46,rwanda,angola,41.222.238.26,41.222.238.26,125,17
Tue,22:49:46,rwanda,angola,41.222.238.7,41.222.238.7,124,18
Tue,22:49:46,rwanda,angola,*,*,*,19
Tue,22:49:46,rwanda,angola,*,*,*,20
Tue,22:49:46,rwanda,angola,*,*,*,21
Tue,22:49:46,rwanda,angola,*,*,*,22
Tue,22:49:46,rwanda,angola,*,*,*,23
Tue,22:49:46,rwanda,angola,*,*,*,24
Tue,22:49:46,rwanda,angola,*,*,*,25
Tue,22:49:46,rwanda,angola,*,*,*,26
Tue,22:49:46,rwanda,angola,*,*,*,27
Tue,22:49:46,rwanda,angola,*,*,*,28
Tue,22:49:46,rwanda,angola,*,*,*,29
Tue,22:49:46,rwanda,angola,*,*,*,30
Tue,22:58:24,rwanda,angola,rwanda-fw-252.net.rwanda.cmu.local,172.29.52.1,1,1
Tue,22:58:24,rwanda,angola,41.74.174.49,41.74.174.49,4,2
Tue,22:58:24,rwanda,angola,197.243.126.165,197.243.126.165,5,3
Tue,22:58:24,rwanda,angola,192.168.1.253,192.168.1.253,5,4
Tue,22:58:24,rwanda,angola,192.168.1.230,192.168.1.230,5,5
Tue,22:58:24,rwanda,angola,197.243.126.29,197.243.126.29,8,6
Tue,22:58:24,rwanda,angola,41.223.224.210,41.223.224.210,4,7
Tue,22:58:24,rwanda,angola,197.155.94.164.liquidtelecom.net,197.155.94.164,69,8
Tue,22:58:24,rwanda,angola,teng0-2-0-0.lke-p2-nbi.liquidtelecom.net,197.155.94.96,69,9
Tue,22:58:24,rwanda,angola,ten-0-1-1-1-p1-msa.liquidtelecom.net,197.155.94.75,24,10
Tue,22:58:24,rwanda,angola,gi2-0-0.lza-p2-jhb.liquidtelecom.net,77.246.57.69,71,11
Tue,22:58:24,rwanda,angola,eth-trunk-1-pe2-jhb.liquidtelecom.net,46.17.232.13,69,12
Tue,22:58:24,rwanda,angola,angolacables.ixp.joburg,196.60.8.60,67,13
Tue,22:58:24,rwanda,angola,pe2-ne026.ang.lad.as37468.angolacables.ao,197.149.149.117,123,14
Tue,22:58:24,rwanda,angola,pe2-ne022.ang.lad.as37468.angolacables.ao,197.149.151.19,124,15
Tue,22:58:24,rwanda,angola,197.149.148.237,197.149.148.237,125,16
Tue,22:58:24,rwanda,angola,41.222.238.26,41.222.238.26,124,17
Tue,22:58:24,rwanda,angola,41.222.238.7,41.222.238.7,125,18
Tue,22:58:24,rwanda,angola,*,*,*,19
Tue,22:58:24,rwanda,angola,*,*,*,20
Tue,22:58:24,rwanda,angola,*,*,*,21
Tue,22:58:24,rwanda,angola,*,*,*,22
Tue,22:58:24,rwanda,angola,*,*,*,23
Tue,22:58:24,rwanda,angola,*,*,*,24
Tue,22:58:24,rwanda,angola,*,*,*,25
Tue,22:58:24,rwanda,angola,*,*,*,26
Tue,22:58:24,rwanda,angola,*,*,*,27
Tue,22:58:24,rwanda,angola,*,*,*,28
Tue,22:58:24,rwanda,angola,*,*,*,29
Tue,22:58:24,rwanda,angola,*,*,*,30
Tue,23:06:48,rwanda,angola,rwanda-fw-252.net.rwanda.cmu.local,172.29.52.1,1,1
Tue,23:06:48,rwanda,angola,41.74.174.49,41.74.174.49,5,2
Tue,23:06:48,rwanda,angola,197.243.126.165,197.243.126.165,5,3
Tue,23:06:48,rwanda,angola,192.168.1.253,192.168.1.253,5,4
Tue,23:06:48,rwanda,angola,192.168.1.230,192.168.1.230,5,5
Tue,23:06:48,rwanda,angola,197.243.126.29,197.243.126.29,18,6
Tue,23:06:48,rwanda,angola,41.223.224.210,41.223.224.210,5,7
Tue,23:06:48,rwanda,angola,197.155.94.164.liquidtelecom.net,197.155.94.164,69,8
Tue,23:06:48,rwanda,angola,pos0-1-1-2-p1-msa.liquidtelecom.net,197.155.94.42,69,9
Tue,23:06:48,rwanda,angola,teng0-0-1-3-p1-msa.liquidtelecom.net,197.155.94.9,25,10
Tue,23:06:48,rwanda,angola,gi2-0-0.lza-p2-jhb.liquidtelecom.net,77.246.57.69,70,11
Tue,23:06:48,rwanda,angola,eth-trunk-1-pe2-jhb.liquidtelecom.net,46.17.232.13,69,12
Tue,23:06:48,rwanda,angola,angolacables.ixp.joburg,196.60.8.60,69,13
Tue,23:06:48,rwanda,angola,pe2-ne026.ang.lad.as37468.angolacables.ao,197.149.149.117,125,14
Tue,23:06:48,rwanda,angola,pe2-ne022.ang.lad.as37468.angolacables.ao,197.149.151.19,126,15
Tue,23:06:48,rwanda,angola,197.149.148.237,197.149.148.237,126,16
Tue,23:06:48,rwanda,angola,41.222.238.26,41.222.238.26,126,17
Tue,23:06:48,rwanda,angola,41.222.238.7,41.222.238.7,129,18
Tue,23:06:48,rwanda,angola,*,*,*,19
Tue,23:06:48,rwanda,angola,*,*,*,20
Tue,23:06:48,rwanda,angola,*,*,*,21
Tue,23:06:48,rwanda,angola,*,*,*,22
Tue,23:06:48,rwanda,angola,*,*,*,23
Tue,23:06:48,rwanda,angola,*,*,*,24
Tue,23:06:48,rwanda,angola,*,*,*,25
Tue,23:06:48,rwanda,angola,*,*,*,26
Tue,23:06:48,rwanda,angola,*,*,*,27
Tue,23:06:48,rwanda,angola,*,*,*,28
Tue,23:06:48,rwanda,angola,*,*,*,29
Tue,23:06:48,rwanda,angola,*,*,*,30
Tue,23:15:55,rwanda,angola,rwanda-fw-252.net.rwanda.cmu.local,172.29.52.1,1,1
Tue,23:15:55,rwanda,angola,41.74.174.49,41.74.174.49,4,2
Tue,23:15:55,rwanda,angola,197.243.126.165,197.243.126.165,4,3
Tue,23:15:55,rwanda,angola,192.168.1.253,192.168.1.253,4,4
Tue,23:15:55,rwanda,angola,192.168.1.230,192.168.1.230,5,5
Tue,23:15:55,rwanda,angola,197.243.126.29,197.243.126.29,5,6
Tue,23:15:55,rwanda,angola,41.223.224.210,41.223.224.210,5,7
Tue,23:15:55,rwanda,angola,197.155.94.164.liquidtelecom.net,197.155.94.164,70,8
Tue,23:15:55,rwanda,angola,pos0-1-1-2-p1-msa.liquidtelecom.net,197.155.94.42,70,9
Tue,23:15:55,rwanda,angola,teng0-0-1-3-p1-msa.liquidtelecom.net,197.155.94.9,26,10
Tue,23:15:55,rwanda,angola,gi2-0-0.lza-p2-jhb.liquidtelecom.net,77.246.57.69,71,11
Tue,23:15:55,rwanda,angola,eth-trunk-1-pe2-jhb.liquidtelecom.net,46.17.232.13,70,12
Tue,23:15:55,rwanda,angola,angolacables.ixp.joburg,196.60.8.60,68,13
Tue,23:15:55,rwanda,angola,pe1-nc016.ang.lad.as37468.angolacables.ao,197.149.149.113,123,14
Tue,23:15:55,rwanda,angola,pe1-ne011.ang.lad.as37468.angolacables.ao,197.149.151.3,124,15
Tue,23:15:55,rwanda,angola,197.149.148.237,197.149.148.237,125,16
Tue,23:15:55,rwanda,angola,41.222.238.26,41.222.238.26,126,17
Tue,23:15:55,rwanda,angola,41.222.238.7,41.222.238.7,126,18
Tue,23:15:55,rwanda,angola,*,*,*,19
Tue,23:15:55,rwanda,angola,*,*,*,20
Tue,23:15:55,rwanda,angola,*,*,*,21
Tue,23:15:55,rwanda,angola,*,*,*,22
Tue,23:15:55,rwanda,angola,*,*,*,23
Tue,23:15:55,rwanda,angola,*,*,*,24
Tue,23:15:55,rwanda,angola,*,*,*,25
Tue,23:15:55,rwanda,angola,*,*,*,26
Tue,23:15:55,rwanda,angola,*,*,*,27
Tue,23:15:55,rwanda,angola,*,*,*,28
Tue,23:15:55,rwanda,angola,*,*,*,29
Tue,23:15:55,rwanda,angola,*,*,*,30
Tue,23:24:28,rwanda,angola,rwanda-fw-252.net.rwanda.cmu.local,172.29.52.1,1,1
Tue,23:24:28,rwanda,angola,41.74.174.49,41.74.174.49,4,2
Tue,23:24:28,rwanda,angola,197.243.126.165,197.243.126.165,5,3
Tue,23:24:28,rwanda,angola,192.168.1.253,192.168.1.253,5,4
Tue,23:24:28,rwanda,angola,192.168.1.230,192.168.1.230,5,5
Tue,23:24:28,rwanda,angola,197.243.126.29,197.243.126.29,5,6
Tue,23:24:28,rwanda,angola,41.223.224.210,41.223.224.210,4,7
Tue,23:24:28,rwanda,angola,197.155.94.164.liquidtelecom.net,197.155.94.164,69,8
Tue,23:24:28,rwanda,angola,teng0-2-0-0.lke-p2-nbi.liquidtelecom.net,197.155.94.96,69,9
Tue,23:24:28,rwanda,angola,197.155.94.167.liquidtelecom.net,197.155.94.167,25,10
Tue,23:24:28,rwanda,angola,gi2-0-0.lza-p2-jhb.liquidtelecom.net,77.246.57.69,71,11
Tue,23:24:28,rwanda,angola,eth-trunk-1-pe2-jhb.liquidtelecom.net,46.17.232.13,71,12
Tue,23:24:28,rwanda,angola,angolacables.ixp.joburg,196.60.8.60,67,13
Tue,23:24:28,rwanda,angola,pe1-nc016.ang.lad.as37468.angolacables.ao,197.149.149.113,123,14
Tue,23:24:28,rwanda,angola,pe2-ne022.ang.lad.as37468.angolacables.ao,197.149.151.19,124,15
Tue,23:24:28,rwanda,angola,197.149.148.237,197.149.148.237,125,16
Tue,23:24:28,rwanda,angola,41.222.238.26,41.222.238.26,125,17
Tue,23:24:28,rwanda,angola,41.222.238.7,41.222.238.7,124,18
Tue,23:24:28,rwanda,angola,*,*,*,19
Tue,23:24:28,rwanda,angola,*,*,*,20
Tue,23:24:28,rwanda,angola,*,*,*,21
Tue,23:24:28,rwanda,angola,*,*,*,22
Tue,23:24:28,rwanda,angola,*,*,*,23
Tue,23:24:28,rwanda,angola,*,*,*,24
Tue,23:24:28,rwanda,angola,*,*,*,25
Tue,23:24:28,rwanda,angola,*,*,*,26
Tue,23:24:28,rwanda,angola,*,*,*,27
Tue,23:24:28,rwanda,angola,*,*,*,28
Tue,23:24:28,rwanda,angola,*,*,*,29
Tue,23:24:28,rwanda,angola,*,*,*,30
Tue,23:32:26,rwanda,angola,rwanda-fw-252.net.rwanda.cmu.local,172.29.52.1,1,1
Tue,23:32:26,rwanda,angola,41.74.174.49,41.74.174.49,4,2
Tue,23:32:26,rwanda,angola,197.243.126.165,197.243.126.165,5,3
Tue,23:32:26,rwanda,angola,192.168.1.253,192.168.1.253,5,4
Tue,23:32:26,rwanda,angola,192.168.1.230,192.168.1.230,5,5
Tue,23:32:26,rwanda,angola,197.243.126.29,197.243.126.29,5,6
Tue,23:32:26,rwanda,angola,41.223.224.210,41.223.224.210,5,7
Tue,23:32:26,rwanda,angola,197.155.94.164.liquidtelecom.net,197.155.94.164,71,8
Tue,23:32:26,rwanda,angola,pos0-1-1-2-p1-msa.liquidtelecom.net,197.155.94.42,71,9
Tue,23:32:26,rwanda,angola,197.155.94.167.liquidtelecom.net,197.155.94.167,24,10
Tue,23:32:26,rwanda,angola,gi2-0-0.lza-p2-jhb.liquidtelecom.net,77.246.57.69,71,11
Tue,23:32:26,rwanda,angola,eth-trunk-1-pe2-jhb.liquidtelecom.net,46.17.232.13,69,12
Tue,23:32:26,rwanda,angola,angolacables.ixp.joburg,196.60.8.60,67,13
Tue,23:32:26,rwanda,angola,pe2-ne026.ang.lad.as37468.angolacables.ao,197.149.149.117,123,14
Tue,23:32:26,rwanda,angola,pe2-ne022.ang.lad.as37468.angolacables.ao,197.149.151.19,125,15
Tue,23:32:26,rwanda,angola,197.149.148.237,197.149.148.237,125,16
Tue,23:32:26,rwanda,angola,41.222.238.26,41.222.238.26,125,17
Tue,23:32:26,rwanda,angola,41.222.238.7,41.222.238.7,127,18
Tue,23:32:26,rwanda,angola,*,*,*,19
Tue,23:32:26,rwanda,angola,*,*,*,20
Tue,23:32:26,rwanda,angola,*,*,*,21
Tue,23:32:26,rwanda,angola,*,*,*,22
Tue,23:32:26,rwanda,angola,*,*,*,23
Tue,23:32:26,rwanda,angola,*,*,*,24
Tue,23:32:26,rwanda,angola,*,*,*,25
Tue,23:32:26,rwanda,angola,*,*,*,26
Tue,23:32:26,rwanda,angola,*,*,*,27
Tue,23:32:26,rwanda,angola,*,*,*,28
Tue,23:32:26,rwanda,angola,*,*,*,29
Tue,23:32:26,rwanda,angola,*,*,*,30
Tue,23:40:44,rwanda,angola,rwanda-fw-252.net.rwanda.cmu.local,172.29.52.1,1,1
Tue,23:40:44,rwanda,angola,41.74.174.49,41.74.174.49,4,2
Tue,23:40:44,rwanda,angola,197.243.126.165,197.243.126.165,5,3
Tue,23:40:44,rwanda,angola,192.168.1.253,192.168.1.253,5,4
Tue,23:40:44,rwanda,angola,192.168.1.230,192.168.1.230,5,5
Tue,23:40:44,rwanda,angola,197.243.126.29,197.243.126.29,5,6
Tue,23:40:44,rwanda,angola,41.223.224.210,41.223.224.210,3,7
Tue,23:40:44,rwanda,angola,197.155.94.164.liquidtelecom.net,197.155.94.164,70,8
Tue,23:40:44,rwanda,angola,teng0-2-0-0.lke-p2-nbi.liquidtelecom.net,197.155.94.96,71,9
Tue,23:40:44,rwanda,angola,teng0-0-1-3-p1-msa.liquidtelecom.net,197.155.94.9,25,10
Tue,23:40:44,rwanda,angola,gi2-0-0.lza-p2-jhb.liquidtelecom.net,77.246.57.69,76,11
Tue,23:40:44,rwanda,angola,eth-trunk-1-pe2-jhb.liquidtelecom.net,46.17.232.13,70,12
Tue,23:40:44,rwanda,angola,angolacables.ixp.joburg,196.60.8.60,96,13
Tue,23:40:44,rwanda,angola,pe2-ne026.ang.lad.as37468.angolacables.ao,197.149.149.117,124,14
Tue,23:40:44,rwanda,angola,pe2-ne022.ang.lad.as37468.angolacables.ao,197.149.151.19,125,15
Tue,23:40:44,rwanda,angola,197.149.148.237,197.149.148.237,125,16
Tue,23:40:44,rwanda,angola,41.222.238.26,41.222.238.26,123,17
Tue,23:40:44,rwanda,angola,41.222.238.7,41.222.238.7,124,18
Tue,23:40:44,rwanda,angola,*,*,*,19
Tue,23:40:44,rwanda,angola,*,*,*,20
Tue,23:40:44,rwanda,angola,*,*,*,21
Tue,23:40:44,rwanda,angola,*,*,*,22
Tue,23:40:44,rwanda,angola,*,*,*,23
Tue,23:40:44,rwanda,angola,*,*,*,24
Tue,23:40:44,rwanda,angola,*,*,*,25
Tue,23:40:44,rwanda,angola,*,*,*,26
Tue,23:40:44,rwanda,angola,*,*,*,27
Tue,23:40:44,rwanda,angola,*,*,*,28
Tue,23:40:44,rwanda,angola,*,*,*,29
Tue,23:40:44,rwanda,angola,*,*,*,30
Tue,23:48:46,rwanda,angola,rwanda-fw-252.net.rwanda.cmu.local,172.29.52.1,1,1
Tue,23:48:46,rwanda,angola,41.74.174.49,41.74.174.49,4,2
Tue,23:48:46,rwanda,angola,197.243.126.165,197.243.126.165,5,3
Tue,23:48:46,rwanda,angola,192.168.1.253,192.168.1.253,6,4
Tue,23:48:46,rwanda,angola,192.168.1.230,192.168.1.230,6,5
Tue,23:48:46,rwanda,angola,197.243.126.29,197.243.126.29,5,6
Tue,23:48:46,rwanda,angola,41.223.224.210,41.223.224.210,5,7
Tue,23:48:46,rwanda,angola,197.155.94.164.liquidtelecom.net,197.155.94.164,69,8
Tue,23:48:46,rwanda,angola,pos0-1-1-2-p1-msa.liquidtelecom.net,197.155.94.42,69,9
Tue,23:48:46,rwanda,angola,teng0-0-1-3-p1-msa.liquidtelecom.net,197.155.94.9,24,10
Tue,23:48:46,rwanda,angola,gi2-0-0.lza-p2-jhb.liquidtelecom.net,77.246.57.69,71,11
Tue,23:48:46,rwanda,angola,eth-trunk-1-pe2-jhb.liquidtelecom.net,46.17.232.13,68,12
Tue,23:48:46,rwanda,angola,angolacables.ixp.joburg,196.60.8.60,71,13
Tue,23:48:46,rwanda,angola,pe2-ne026.ang.lad.as37468.angolacables.ao,197.149.149.117,126,14
Tue,23:48:46,rwanda,angola,pe1-ne011.ang.lad.as37468.angolacables.ao,197.149.151.3,125,15
Tue,23:48:46,rwanda,angola,197.149.148.237,197.149.148.237,126,16
Tue,23:48:46,rwanda,angola,41.222.238.26,41.222.238.26,126,17
Tue,23:48:46,rwanda,angola,41.222.238.7,41.222.238.7,127,18
Tue,23:48:46,rwanda,angola,*,*,*,19
Tue,23:48:46,rwanda,angola,*,*,*,20
Tue,23:48:46,rwanda,angola,*,*,*,21
Tue,23:48:46,rwanda,angola,*,*,*,22
Tue,23:48:46,rwanda,angola,*,*,*,23
Tue,23:48:46,rwanda,angola,*,*,*,24
Tue,23:48:46,rwanda,angola,*,*,*,25
Tue,23:48:46,rwanda,angola,*,*,*,26
Tue,23:48:46,rwanda,angola,*,*,*,27
Tue,23:48:46,rwanda,angola,*,*,*,28
Tue,23:48:46,rwanda,angola,*,*,*,29
Tue,23:48:46,rwanda,angola,*,*,*,30
Tue,23:56:54,rwanda,angola,rwanda-fw-252.net.rwanda.cmu.local,172.29.52.1,1,1
Tue,23:56:54,rwanda,angola,41.74.174.49,41.74.174.49,4,2
Tue,23:56:54,rwanda,angola,197.243.126.165,197.243.126.165,4,3
Tue,23:56:54,rwanda,angola,192.168.1.253,192.168.1.253,4,4
Tue,23:56:54,rwanda,angola,192.168.1.230,192.168.1.230,4,5
Tue,23:56:54,rwanda,angola,197.243.126.29,197.243.126.29,4,6
Tue,23:56:54,rwanda,angola,41.223.224.210,41.223.224.210,3,7
Tue,23:56:54,rwanda,angola,197.155.94.164.liquidtelecom.net,197.155.94.164,70,8
Tue,23:56:54,rwanda,angola,pos0-1-1-2-p1-msa.liquidtelecom.net,197.155.94.42,70,9
Tue,23:56:54,rwanda,angola,ten-0-1-1-1-p1-msa.liquidtelecom.net,197.155.94.75,25,10
Tue,23:56:54,rwanda,angola,gi2-0-0.lza-p2-jhb.liquidtelecom.net,77.246.57.69,70,11
Tue,23:56:54,rwanda,angola,eth-trunk-1-pe2-jhb.liquidtelecom.net,46.17.232.13,69,12
Tue,23:56:54,rwanda,angola,angolacables.ixp.joburg,196.60.8.60,67,13
Tue,23:56:54,rwanda,angola,pe1-nc016.ang.lad.as37468.angolacables.ao,197.149.149.113,123,14
Tue,23:56:54,rwanda,angola,pe2-ne022.ang.lad.as37468.angolacables.ao,197.149.151.19,124,15
Tue,23:56:54,rwanda,angola,197.149.148.237,197.149.148.237,124,16
Tue,23:56:54,rwanda,angola,41.222.238.26,41.222.238.26,123,17
Tue,23:56:54,rwanda,angola,41.222.238.7,41.222.238.7,123,18
Tue,23:56:54,rwanda,angola,*,*,*,19
Tue,23:56:54,rwanda,angola,*,*,*,20
Tue,23:56:54,rwanda,angola,*,*,*,21
Tue,23:56:54,rwanda,angola,*,*,*,22
Tue,23:56:54,rwanda,angola,*,*,*,23
Tue,23:56:54,rwanda,angola,*,*,*,24
Tue,23:56:54,rwanda,angola,*,*,*,25
Tue,23:56:54,rwanda,angola,*,*,*,26
Tue,23:56:54,rwanda,angola,*,*,*,27
Tue,23:56:54,rwanda,angola,*,*,*,28
Tue,23:56:54,rwanda,angola,*,*,*,29
Tue,23:56:54,rwanda,angola,*,*,*,30
Wed,00:05:02,rwanda,angola,rwanda-fw-252.net.rwanda.cmu.local,172.29.52.1,1,1
Wed,00:05:02,rwanda,angola,41.74.174.49,41.74.174.49,4,2
Wed,00:05:02,rwanda,angola,197.243.126.165,197.243.126.165,8,3
Wed,00:05:02,rwanda,angola,192.168.1.253,192.168.1.253,8,4
Wed,00:05:02,rwanda,angola,192.168.1.230,192.168.1.230,8,5
Wed,00:05:02,rwanda,angola,197.243.126.29,197.243.126.29,8,6
Wed,00:05:02,rwanda,angola,41.223.224.210,41.223.224.210,5,7
Wed,00:05:02,rwanda,angola,197.155.94.164.liquidtelecom.net,197.155.94.164,69,8
Wed,00:05:02,rwanda,angola,pos0-1-1-2-p1-msa.liquidtelecom.net,197.155.94.42,69,9
Wed,00:05:02,rwanda,angola,teng0-0-1-3-p1-msa.liquidtelecom.net,197.155.94.9,24,10
Wed,00:05:02,rwanda,angola,gi2-0-0.lza-p2-jhb.liquidtelecom.net,77.246.57.69,70,11
Wed,00:05:02,rwanda,angola,eth-trunk-1-pe2-jhb.liquidtelecom.net,46.17.232.13,69,12
Wed,00:05:02,rwanda,angola,angolacables.ixp.joburg,196.60.8.60,67,13
Wed,00:05:02,rwanda,angola,pe1-nc016.ang.lad.as37468.angolacables.ao,197.149.149.113,123,14
Wed,00:05:02,rwanda,angola,pe2-ne022.ang.lad.as37468.angolacables.ao,197.149.151.19,126,15
Wed,00:05:02,rwanda,angola,197.149.148.237,197.149.148.237,124,16
Wed,00:05:02,rwanda,angola,41.222.238.26,41.222.238.26,125,17
Wed,00:05:02,rwanda,angola,41.222.238.7,41.222.238.7,126,18
Wed,00:05:02,rwanda,angola,*,*,*,19
Wed,00:05:02,rwanda,angola,*,*,*,20
Wed,00:05:02,rwanda,angola,*,*,*,21
Wed,00:05:02,rwanda,angola,*,*,*,22
Wed,00:05:02,rwanda,angola,*,*,*,23
Wed,00:05:02,rwanda,angola,*,*,*,24
Wed,00:05:02,rwanda,angola,*,*,*,25
Wed,00:05:02,rwanda,angola,*,*,*,26
Wed,00:05:02,rwanda,angola,*,*,*,27
Wed,00:05:02,rwanda,angola,*,*,*,28
Wed,00:05:02,rwanda,angola,*,*,*,29
Wed,00:05:02,rwanda,angola,*,*,*,30
Wed,00:13:25,rwanda,angola,rwanda-fw-252.net.rwanda.cmu.local,172.29.52.1,1,1
Wed,00:13:25,rwanda,angola,41.74.174.49,41.74.174.49,4,2
Wed,00:13:25,rwanda,angola,197.243.126.165,197.243.126.165,5,3
Wed,00:13:25,rwanda,angola,192.168.1.253,192.168.1.253,5,4
Wed,00:13:25,rwanda,angola,192.168.1.230,192.168.1.230,5,5
Wed,00:13:25,rwanda,angola,197.243.126.29,197.243.126.29,5,6
Wed,00:13:25,rwanda,angola,41.223.224.210,41.223.224.210,5,7
Wed,00:13:25,rwanda,angola,197.155.94.164.liquidtelecom.net,197.155.94.164,69,8
Wed,00:13:25,rwanda,angola,teng0-2-0-0.lke-p2-nbi.liquidtelecom.net,197.155.94.96,73,9
Wed,00:13:25,rwanda,angola,197.155.94.167.liquidtelecom.net,197.155.94.167,24,10
Wed,00:13:25,rwanda,angola,gi2-0-0.lza-p2-jhb.liquidtelecom.net,77.246.57.69,73,11
Wed,00:13:25,rwanda,angola,eth-trunk-1-pe2-jhb.liquidtelecom.net,46.17.232.13,69,12
Wed,00:13:25,rwanda,angola,angolacables.ixp.joburg,196.60.8.60,67,13
Wed,00:13:25,rwanda,angola,pe1-nc016.ang.lad.as37468.angolacables.ao,197.149.149.113,125,14
Wed,00:13:25,rwanda,angola,pe1-ne011.ang.lad.as37468.angolacables.ao,197.149.151.3,123,15
Wed,00:13:25,rwanda,angola,197.149.148.237,197.149.148.237,125,16
Wed,00:13:25,rwanda,angola,41.222.238.26,41.222.238.26,125,17
Wed,00:13:25,rwanda,angola,41.222.238.7,41.222.238.7,123,18
Wed,00:13:25,rwanda,angola,*,*,*,19
Wed,00:13:25,rwanda,angola,*,*,*,20
Wed,00:13:25,rwanda,angola,*,*,*,21
Wed,00:13:25,rwanda,angola,*,*,*,22
Wed,00:13:25,rwanda,angola,*,*,*,23
Wed,00:13:25,rwanda,angola,*,*,*,24
Wed,00:13:25,rwanda,angola,*,*,*,25
Wed,00:13:25,rwanda,angola,*,*,*,26
Wed,00:13:25,rwanda,angola,*,*,*,27
Wed,00:13:25,rwanda,angola,*,*,*,28
Wed,00:13:25,rwanda,angola,*,*,*,29
Wed,00:13:25,rwanda,angola,*,*,*,30
Wed,00:21:32,rwanda,angola,rwanda-fw-252.net.rwanda.cmu.local,172.29.52.1,1,1
Wed,00:21:32,rwanda,angola,41.74.174.49,41.74.174.49,4,2
Wed,00:21:32,rwanda,angola,197.243.126.165,197.243.126.165,5,3
Wed,00:21:32,rwanda,angola,192.168.1.253,192.168.1.253,5,4
Wed,00:21:32,rwanda,angola,192.168.1.230,192.168.1.230,5,5
Wed,00:21:32,rwanda,angola,197.243.126.29,197.243.126.29,5,6
Wed,00:21:32,rwanda,angola,41.223.224.210,41.223.224.210,3,7
Wed,00:21:32,rwanda,angola,197.155.94.164.liquidtelecom.net,197.155.94.164,69,8
Wed,00:21:32,rwanda,angola,pos0-1-1-2-p1-msa.liquidtelecom.net,197.155.94.42,71,9
Wed,00:21:32,rwanda,angola,ten-0-1-1-1-p1-msa.liquidtelecom.net,197.155.94.75,24,10
Wed,00:21:32,rwanda,angola,gi2-0-0.lza-p2-jhb.liquidtelecom.net,77.246.57.69,71,11
Wed,00:21:32,rwanda,angola,eth-trunk-1-pe2-jhb.liquidtelecom.net,46.17.232.13,68,12
Wed,00:21:32,rwanda,angola,angolacables.ixp.joburg,196.60.8.60,67,13
Wed,00:21:32,rwanda,angola,pe2-ne026.ang.lad.as37468.angolacables.ao,197.149.149.117,124,14
Wed,00:21:32,rwanda,angola,pe1-ne011.ang.lad.as37468.angolacables.ao,197.149.151.3,124,15
Wed,00:21:32,rwanda,angola,197.149.148.237,197.149.148.237,124,16
Wed,00:21:32,rwanda,angola,41.222.238.26,41.222.238.26,123,17
Wed,00:21:32,rwanda,angola,41.222.238.7,41.222.238.7,124,18
Wed,00:21:32,rwanda,angola,*,*,*,19
Wed,00:21:32,rwanda,angola,*,*,*,20
Wed,00:21:32,rwanda,angola,*,*,*,21
Wed,00:21:32,rwanda,angola,*,*,*,22
Wed,00:21:32,rwanda,angola,*,*,*,23
Wed,00:21:32,rwanda,angola,*,*,*,24
Wed,00:21:32,rwanda,angola,*,*,*,25
Wed,00:21:32,rwanda,angola,*,*,*,26
Wed,00:21:32,rwanda,angola,*,*,*,27
Wed,00:21:32,rwanda,angola,*,*,*,28
Wed,00:21:32,rwanda,angola,*,*,*,29
Wed,00:21:32,rwanda,angola,*,*,*,30
Wed,00:29:30,rwanda,angola,rwanda-fw-252.net.rwanda.cmu.local,172.29.52.1,1,1
Wed,00:29:30,rwanda,angola,41.74.174.49,41.74.174.49,4,2
Wed,00:29:30,rwanda,angola,197.243.126.165,197.243.126.165,4,3
Wed,00:29:30,rwanda,angola,192.168.1.253,192.168.1.253,5,4
Wed,00:29:30,rwanda,angola,192.168.1.230,192.168.1.230,5,5
Wed,00:29:30,rwanda,angola,197.243.126.29,197.243.126.29,5,6
Wed,00:29:30,rwanda,angola,41.223.224.210,41.223.224.210,4,7
Wed,00:29:30,rwanda,angola,197.155.94.164.liquidtelecom.net,197.155.94.164,70,8
Wed,00:29:30,rwanda,angola,pos0-1-1-2-p1-msa.liquidtelecom.net,197.155.94.42,70,9
Wed,00:29:30,rwanda,angola,ten-0-1-1-1-p1-msa.liquidtelecom.net,197.155.94.75,24,10
Wed,00:29:30,rwanda,angola,gi2-0-0.lza-p2-jhb.liquidtelecom.net,77.246.57.69,71,11
Wed,00:29:30,rwanda,angola,eth-trunk-1-pe2-jhb.liquidtelecom.net,46.17.232.13,68,12
Wed,00:29:30,rwanda,angola,angolacables.ixp.joburg,196.60.8.60,68,13
Wed,00:29:30,rwanda,angola,pe1-nc016.ang.lad.as37468.angolacables.ao,197.149.149.113,124,14
Wed,00:29:30,rwanda,angola,pe2-ne022.ang.lad.as37468.angolacables.ao,197.149.151.19,126,15
Wed,00:29:30,rwanda,angola,197.149.148.237,197.149.148.237,126,16
Wed,00:29:30,rwanda,angola,41.222.238.26,41.222.238.26,126,17
Wed,00:29:30,rwanda,angola,41.222.238.7,41.222.238.7,123,18
Wed,00:29:30,rwanda,angola,*,*,*,19
Wed,00:29:30,rwanda,angola,*,*,*,20
Wed,00:29:30,rwanda,angola,*,*,*,21
Wed,00:29:30,rwanda,angola,*,*,*,22
Wed,00:29:30,rwanda,angola,*,*,*,23
Wed,00:29:30,rwanda,angola,*,*,*,24
Wed,00:29:30,rwanda,angola,*,*,*,25
Wed,00:29:30,rwanda,angola,*,*,*,26
Wed,00:29:30,rwanda,angola,*,*,*,27
Wed,00:29:30,rwanda,angola,*,*,*,28
Wed,00:29:30,rwanda,angola,*,*,*,29
Wed,00:29:30,rwanda,angola,*,*,*,30
Wed,00:37:33,rwanda,angola,rwanda-fw-252.net.rwanda.cmu.local,172.29.52.1,1,1
Wed,00:37:33,rwanda,angola,41.74.174.49,41.74.174.49,4,2
Wed,00:37:33,rwanda,angola,197.243.126.165,197.243.126.165,5,3
Wed,00:37:33,rwanda,angola,192.168.1.253,192.168.1.253,5,4
Wed,00:37:33,rwanda,angola,192.168.1.230,192.168.1.230,5,5
Wed,00:37:33,rwanda,angola,197.243.126.29,197.243.126.29,5,6
Wed,00:37:33,rwanda,angola,41.223.224.210,41.223.224.210,15,7
Wed,00:37:33,rwanda,angola,*,*,*,8
Wed,00:37:33,rwanda,angola,*,*,*,9
Wed,00:37:33,rwanda,angola,ten-0-1-1-1-p1-msa.liquidtelecom.net,197.155.94.75,32,10
Wed,00:37:33,rwanda,angola,*,*,*,11
Wed,00:37:33,rwanda,angola,eth-trunk-1-pe2-jhb.liquidtelecom.net,46.17.232.13,78,12
Wed,00:37:33,rwanda,angola,angolacables.ixp.joburg,196.60.8.60,67,13
Wed,00:37:33,rwanda,angola,pe2-ne026.ang.lad.as37468.angolacables.ao,197.149.149.117,123,14
Wed,00:37:33,rwanda,angola,pe1-ne011.ang.lad.as37468.angolacables.ao,197.149.151.3,125,15
Wed,00:37:33,rwanda,angola,197.149.148.237,197.149.148.237,125,16
Wed,00:37:33,rwanda,angola,41.222.238.26,41.222.238.26,126,17
Wed,00:37:33,rwanda,angola,41.222.238.7,41.222.238.7,124,18
Wed,00:37:33,rwanda,angola,*,*,*,19
Wed,00:37:33,rwanda,angola,*,*,*,20
Wed,00:37:33,rwanda,angola,*,*,*,21
Wed,00:37:33,rwanda,angola,*,*,*,22
Wed,00:37:33,rwanda,angola,*,*,*,23
Wed,00:37:33,rwanda,angola,*,*,*,24
Wed,00:37:33,rwanda,angola,*,*,*,25
Wed,00:37:33,rwanda,angola,*,*,*,26
Wed,00:37:33,rwanda,angola,*,*,*,27
Wed,00:37:33,rwanda,angola,*,*,*,28
Wed,00:37:33,rwanda,angola,*,*,*,29
Wed,00:37:33,rwanda,angola,*,*,*,30
Wed,00:45:45,rwanda,angola,rwanda-fw-252.net.rwanda.cmu.local,172.29.52.1,1,1
Wed,00:45:45,rwanda,angola,41.74.174.49,41.74.174.49,4,2
Wed,00:45:45,rwanda,angola,197.243.126.165,197.243.126.165,4,3
Wed,00:45:45,rwanda,angola,192.168.1.253,192.168.1.253,5,4
Wed,00:45:45,rwanda,angola,192.168.1.230,192.168.1.230,4,5
Wed,00:45:45,rwanda,angola,197.243.126.29,197.243.126.29,4,6
Wed,00:45:45,rwanda,angola,41.223.224.210,41.223.224.210,5,7
Wed,00:45:45,rwanda,angola,197.155.94.164.liquidtelecom.net,197.155.94.164,74,8
Wed,00:45:45,rwanda,angola,pos0-1-1-2-p1-msa.liquidtelecom.net,197.155.94.42,74,9
Wed,00:45:45,rwanda,angola,ten-0-1-1-1-p1-msa.liquidtelecom.net,197.155.94.75,23,10
Wed,00:45:45,rwanda,angola,gi2-0-0.lza-p2-jhb.liquidtelecom.net,77.246.57.69,74,11
Wed,00:45:45,rwanda,angola,eth-trunk-1-pe2-jhb.liquidtelecom.net,46.17.232.13,78,12
Wed,00:45:45,rwanda,angola,angolacables.ixp.joburg,196.60.8.60,67,13
Wed,00:45:45,rwanda,angola,pe1-nc016.ang.lad.as37468.angolacables.ao,197.149.149.113,123,14
Wed,00:45:45,rwanda,angola,pe1-ne011.ang.lad.as37468.angolacables.ao,197.149.151.3,124,15
Wed,00:45:45,rwanda,angola,197.149.148.237,197.149.148.237,126,16
Wed,00:45:45,rwanda,angola,41.222.238.26,41.222.238.26,127,17
Wed,00:45:45,rwanda,angola,41.222.238.7,41.222.238.7,123,18
Wed,00:45:45,rwanda,angola,*,*,*,19
Wed,00:45:45,rwanda,angola,*,*,*,20
Wed,00:45:45,rwanda,angola,*,*,*,21
Wed,00:45:45,rwanda,angola,*,*,*,22
Wed,00:45:45,rwanda,angola,*,*,*,23
Wed,00:45:45,rwanda,angola,*,*,*,24
Wed,00:45:45,rwanda,angola,*,*,*,25
Wed,00:45:45,rwanda,angola,*,*,*,26
Wed,00:45:45,rwanda,angola,*,*,*,27
Wed,00:45:45,rwanda,angola,*,*,*,28
Wed,00:45:45,rwanda,angola,*,*,*,29
Wed,00:45:45,rwanda,angola,*,*,*,30
Wed,00:54:32,rwanda,angola,rwanda-fw-252.net.rwanda.cmu.local,172.29.52.1,1,1
Wed,00:54:32,rwanda,angola,41.74.174.49,41.74.174.49,4,2
Wed,00:54:32,rwanda,angola,197.243.126.165,197.243.126.165,5,3
Wed,00:54:32,rwanda,angola,192.168.1.253,192.168.1.253,5,4
Wed,00:54:32,rwanda,angola,192.168.1.230,192.168.1.230,5,5
Wed,00:54:32,rwanda,angola,197.243.126.29,197.243.126.29,24,6
Wed,00:54:32,rwanda,angola,41.223.224.210,41.223.224.210,13,7
Wed,00:54:32,rwanda,angola,197.155.94.164.liquidtelecom.net,197.155.94.164,69,8
Wed,00:54:32,rwanda,angola,teng0-2-0-0.lke-p2-nbi.liquidtelecom.net,197.155.94.96,69,9
Wed,00:54:32,rwanda,angola,teng0-0-1-3-p1-msa.liquidtelecom.net,197.155.94.9,35,10
Wed,00:54:32,rwanda,angola,gi2-0-0.lza-p2-jhb.liquidtelecom.net,77.246.57.69,70,11
Wed,00:54:32,rwanda,angola,eth-trunk-1-pe2-jhb.liquidtelecom.net,46.17.232.13,68,12
Wed,00:54:32,rwanda,angola,angolacables.ixp.joburg,196.60.8.60,68,13
Wed,00:54:32,rwanda,angola,pe1-nc016.ang.lad.as37468.angolacables.ao,197.149.149.113,124,14
Wed,00:54:32,rwanda,angola,pe1-ne011.ang.lad.as37468.angolacables.ao,197.149.151.3,125,15
Wed,00:54:32,rwanda,angola,197.149.148.237,197.149.148.237,125,16
Wed,00:54:32,rwanda,angola,41.222.238.26,41.222.238.26,125,17
Wed,00:54:32,rwanda,angola,41.222.238.7,41.222.238.7,124,18
Wed,00:54:32,rwanda,angola,*,*,*,19
Wed,00:54:32,rwanda,angola,*,*,*,20
Wed,00:54:32,rwanda,angola,*,*,*,21
Wed,00:54:32,rwanda,angola,*,*,*,22
Wed,00:54:32,rwanda,angola,*,*,*,23
Wed,00:54:32,rwanda,angola,*,*,*,24
Wed,00:54:32,rwanda,angola,*,*,*,25
Wed,00:54:32,rwanda,angola,*,*,*,26
Wed,00:54:32,rwanda,angola,*,*,*,27
Wed,00:54:32,rwanda,angola,*,*,*,28
Wed,00:54:32,rwanda,angola,*,*,*,29
Wed,00:54:32,rwanda,angola,*,*,*,30
Wed,01:02:59,rwanda,angola,rwanda-fw-252.net.rwanda.cmu.local,172.29.52.1,2,1
Wed,01:02:59,rwanda,angola,41.74.174.49,41.74.174.49,5,2
Wed,01:02:59,rwanda,angola,197.243.126.165,197.243.126.165,4,3
Wed,01:02:59,rwanda,angola,192.168.1.253,192.168.1.253,5,4
Wed,01:02:59,rwanda,angola,192.168.1.230,192.168.1.230,5,5
Wed,01:02:59,rwanda,angola,197.243.126.29,197.243.126.29,5,6
Wed,01:02:59,rwanda,angola,41.223.224.210,41.223.224.210,3,7
Wed,01:02:59,rwanda,angola,197.155.94.164.liquidtelecom.net,197.155.94.164,69,8
Wed,01:02:59,rwanda,angola,pos0-1-1-2-p1-msa.liquidtelecom.net,197.155.94.42,69,9
Wed,01:02:59,rwanda,angola,teng0-0-1-3-p1-msa.liquidtelecom.net,197.155.94.9,24,10
Wed,01:02:59,rwanda,angola,gi2-0-0.lza-p2-jhb.liquidtelecom.net,77.246.57.69,71,11
Wed,01:02:59,rwanda,angola,eth-trunk-1-pe2-jhb.liquidtelecom.net,46.17.232.13,71,12
Wed,01:02:59,rwanda,angola,angolacables.ixp.joburg,196.60.8.60,68,13
Wed,01:02:59,rwanda,angola,pe2-ne026.ang.lad.as37468.angolacables.ao,197.149.149.117,125,14
Wed,01:02:59,rwanda,angola,pe2-ne022.ang.lad.as37468.angolacables.ao,197.149.151.19,125,15
Wed,01:02:59,rwanda,angola,197.149.148.237,197.149.148.237,125,16
Wed,01:02:59,rwanda,angola,41.222.238.26,41.222.238.26,124,17
Wed,01:02:59,rwanda,angola,41.222.238.7,41.222.238.7,123,18
Wed,01:02:59,rwanda,angola,*,*,*,19
Wed,01:02:59,rwanda,angola,*,*,*,20
Wed,01:02:59,rwanda,angola,*,*,*,21
Wed,01:02:59,rwanda,angola,*,*,*,22
Wed,01:02:59,rwanda,angola,*,*,*,23
Wed,01:02:59,rwanda,angola,*,*,*,24
Wed,01:02:59,rwanda,angola,*,*,*,25
Wed,01:02:59,rwanda,angola,*,*,*,26
Wed,01:02:59,rwanda,angola,*,*,*,27
Wed,01:02:59,rwanda,angola,*,*,*,28
Wed,01:02:59,rwanda,angola,*,*,*,29
Wed,01:02:59,rwanda,angola,*,*,*,30
Wed,01:12:02,rwanda,angola,rwanda-fw-252.net.rwanda.cmu.local,172.29.52.1,1,1
Wed,01:12:02,rwanda,angola,41.74.174.49,41.74.174.49,5,2
Wed,01:12:02,rwanda,angola,197.243.126.165,197.243.126.165,6,3
Wed,01:12:02,rwanda,angola,192.168.1.253,192.168.1.253,5,4
Wed,01:12:02,rwanda,angola,192.168.1.230,192.168.1.230,6,5
Wed,01:12:02,rwanda,angola,197.243.126.29,197.243.126.29,6,6
Wed,01:12:02,rwanda,angola,41.223.224.210,41.223.224.210,3,7
Wed,01:12:02,rwanda,angola,197.155.94.164.liquidtelecom.net,197.155.94.164,68,8
Wed,01:12:02,rwanda,angola,pos0-1-1-2-p1-msa.liquidtelecom.net,197.155.94.42,69,9
Wed,01:12:02,rwanda,angola,197.155.94.167.liquidtelecom.net,197.155.94.167,23,10
Wed,01:12:02,rwanda,angola,gi2-0-0.lza-p2-jhb.liquidtelecom.net,77.246.57.69,71,11
Wed,01:12:02,rwanda,angola,eth-trunk-1-pe2-jhb.liquidtelecom.net,46.17.232.13,68,12
Wed,01:12:02,rwanda,angola,angolacables.ixp.joburg,196.60.8.60,68,13
Wed,01:12:02,rwanda,angola,pe2-ne026.ang.lad.as37468.angolacables.ao,197.149.149.117,124,14
Wed,01:12:02,rwanda,angola,pe2-ne022.ang.lad.as37468.angolacables.ao,197.149.151.19,125,15
Wed,01:12:02,rwanda,angola,197.149.148.237,197.149.148.237,126,16
Wed,01:12:02,rwanda,angola,41.222.238.26,41.222.238.26,123,17
Wed,01:12:02,rwanda,angola,41.222.238.7,41.222.238.7,125,18
Wed,01:12:02,rwanda,angola,*,*,*,19
Wed,01:12:02,rwanda,angola,*,*,*,20
Wed,01:12:02,rwanda,angola,*,*,*,21
Wed,01:12:02,rwanda,angola,*,*,*,22
Wed,01:12:02,rwanda,angola,*,*,*,23
Wed,01:12:02,rwanda,angola,*,*,*,24
Wed,01:12:02,rwanda,angola,*,*,*,25
Wed,01:12:02,rwanda,angola,*,*,*,26
Wed,01:12:02,rwanda,angola,*,*,*,27
Wed,01:12:02,rwanda,angola,*,*,*,28
Wed,01:12:02,rwanda,angola,*,*,*,29
Wed,01:12:02,rwanda,angola,*,*,*,30
Wed,01:20:14,rwanda,angola,rwanda-fw-252.net.rwanda.cmu.local,172.29.52.1,1,1
Wed,01:20:14,rwanda,angola,41.74.174.49,41.74.174.49,4,2
Wed,01:20:14,rwanda,angola,197.243.126.165,197.243.126.165,4,3
Wed,01:20:14,rwanda,angola,192.168.1.253,192.168.1.253,5,4
Wed,01:20:14,rwanda,angola,192.168.1.230,192.168.1.230,5,5
Wed,01:20:14,rwanda,angola,197.243.126.29,197.243.126.29,5,6
Wed,01:20:14,rwanda,angola,41.223.224.210,41.223.224.210,4,7
Wed,01:20:14,rwanda,angola,197.155.94.164.liquidtelecom.net,197.155.94.164,69,8
Wed,01:20:14,rwanda,angola,teng0-2-0-0.lke-p2-nbi.liquidtelecom.net,197.155.94.96,69,9
Wed,01:20:14,rwanda,angola,197.155.94.167.liquidtelecom.net,197.155.94.167,24,10
Wed,01:20:14,rwanda,angola,gi2-0-0.lza-p2-jhb.liquidtelecom.net,77.246.57.69,93,11
Wed,01:20:14,rwanda,angola,eth-trunk-1-pe2-jhb.liquidtelecom.net,46.17.232.13,68,12
Wed,01:20:14,rwanda,angola,angolacables.ixp.joburg,196.60.8.60,67,13
Wed,01:20:14,rwanda,angola,pe1-nc016.ang.lad.as37468.angolacables.ao,197.149.149.113,123,14
Wed,01:20:14,rwanda,angola,pe2-ne022.ang.lad.as37468.angolacables.ao,197.149.151.19,125,15
Wed,01:20:14,rwanda,angola,197.149.148.237,197.149.148.237,125,16
Wed,01:20:14,rwanda,angola,41.222.238.26,41.222.238.26,125,17
Wed,01:20:14,rwanda,angola,41.222.238.7,41.222.238.7,124,18
Wed,01:20:14,rwanda,angola,*,*,*,19
Wed,01:20:14,rwanda,angola,*,*,*,20
Wed,01:20:14,rwanda,angola,*,*,*,21
Wed,01:20:14,rwanda,angola,*,*,*,22
Wed,01:20:14,rwanda,angola,*,*,*,23
Wed,01:20:14,rwanda,angola,*,*,*,24
Wed,01:20:14,rwanda,angola,*,*,*,25
Wed,01:20:14,rwanda,angola,*,*,*,26
Wed,01:20:14,rwanda,angola,*,*,*,27
Wed,01:20:14,rwanda,angola,*,*,*,28
Wed,01:20:14,rwanda,angola,*,*,*,29
Wed,01:20:14,rwanda,angola,*,*,*,30
Wed,01:28:28,rwanda,angola,rwanda-fw-252.net.rwanda.cmu.local,172.29.52.1,1,1
Wed,01:28:28,rwanda,angola,41.74.174.49,41.74.174.49,4,2
Wed,01:28:28,rwanda,angola,197.243.126.165,197.243.126.165,5,3
Wed,01:28:28,rwanda,angola,192.168.1.253,192.168.1.253,5,4
Wed,01:28:28,rwanda,angola,192.168.1.230,192.168.1.230,5,5
Wed,01:28:28,rwanda,angola,197.243.126.29,197.243.126.29,5,6
Wed,01:28:28,rwanda,angola,41.223.224.210,41.223.224.210,4,7
Wed,01:28:28,rwanda,angola,197.155.94.164.liquidtelecom.net,197.155.94.164,69,8
Wed,01:28:28,rwanda,angola,pos0-1-1-2-p1-msa.liquidtelecom.net,197.155.94.42,69,9
Wed,01:28:28,rwanda,angola,197.155.94.167.liquidtelecom.net,197.155.94.167,25,10
Wed,01:28:28,rwanda,angola,gi2-0-0.lza-p2-jhb.liquidtelecom.net,77.246.57.69,72,11
Wed,01:28:28,rwanda,angola,eth-trunk-1-pe2-jhb.liquidtelecom.net,46.17.232.13,69,12
Wed,01:28:28,rwanda,angola,angolacables.ixp.joburg,196.60.8.60,68,13
Wed,01:28:28,rwanda,angola,pe1-nc016.ang.lad.as37468.angolacables.ao,197.149.149.113,124,14
Wed,01:28:28,rwanda,angola,pe2-ne022.ang.lad.as37468.angolacables.ao,197.149.151.19,124,15
Wed,01:28:28,rwanda,angola,197.149.148.237,197.149.148.237,124,16
Wed,01:28:28,rwanda,angola,41.222.238.26,41.222.238.26,125,17
Wed,01:28:28,rwanda,angola,41.222.238.7,41.222.238.7,123,18
Wed,01:28:28,rwanda,angola,*,*,*,19
Wed,01:28:28,rwanda,angola,*,*,*,20
Wed,01:28:28,rwanda,angola,*,*,*,21
Wed,01:28:28,rwanda,angola,*,*,*,22
Wed,01:28:28,rwanda,angola,*,*,*,23
Wed,01:28:28,rwanda,angola,*,*,*,24
Wed,01:28:28,rwanda,angola,*,*,*,25
Wed,01:28:28,rwanda,angola,*,*,*,26
Wed,01:28:28,rwanda,angola,*,*,*,27
Wed,01:28:28,rwanda,angola,*,*,*,28
Wed,01:28:28,rwanda,angola,*,*,*,29
Wed,01:28:28,rwanda,angola,*,*,*,30
Wed,01:37:40,rwanda,angola,rwanda-fw-252.net.rwanda.cmu.local,172.29.52.1,1,1
Wed,01:37:40,rwanda,angola,41.74.174.49,41.74.174.49,4,2
Wed,01:37:40,rwanda,angola,197.243.126.165,197.243.126.165,5,3
Wed,01:37:40,rwanda,angola,192.168.1.253,192.168.1.253,5,4
Wed,01:37:40,rwanda,angola,192.168.1.230,192.168.1.230,5,5
Wed,01:37:40,rwanda,angola,197.243.126.29,197.243.126.29,4,6
Wed,01:37:40,rwanda,angola,41.223.224.210,41.223.224.210,4,7
Wed,01:37:40,rwanda,angola,197.155.94.164.liquidtelecom.net,197.155.94.164,69,8
Wed,01:37:40,rwanda,angola,teng0-2-0-0.lke-p2-nbi.liquidtelecom.net,197.155.94.96,69,9
Wed,01:37:40,rwanda,angola,197.155.94.167.liquidtelecom.net,197.155.94.167,24,10
Wed,01:37:40,rwanda,angola,gi2-0-0.lza-p2-jhb.liquidtelecom.net,77.246.57.69,71,11
Wed,01:37:40,rwanda,angola,eth-trunk-1-pe2-jhb.liquidtelecom.net,46.17.232.13,68,12
Wed,01:37:40,rwanda,angola,angolacables.ixp.joburg,196.60.8.60,67,13
Wed,01:37:40,rwanda,angola,pe2-ne026.ang.lad.as37468.angolacables.ao,197.149.149.117,124,14
Wed,01:37:40,rwanda,angola,pe2-ne022.ang.lad.as37468.angolacables.ao,197.149.151.19,125,15
Wed,01:37:40,rwanda,angola,197.149.148.237,197.149.148.237,125,16
Wed,01:37:40,rwanda,angola,41.222.238.26,41.222.238.26,125,17
Wed,01:37:40,rwanda,angola,41.222.238.7,41.222.238.7,123,18
Wed,01:37:40,rwanda,angola,*,*,*,19
Wed,01:37:40,rwanda,angola,*,*,*,20
Wed,01:37:40,rwanda,angola,*,*,*,21
Wed,01:37:40,rwanda,angola,*,*,*,22
Wed,01:37:40,rwanda,angola,*,*,*,23
Wed,01:37:40,rwanda,angola,*,*,*,24
Wed,01:37:40,rwanda,angola,*,*,*,25
Wed,01:37:40,rwanda,angola,*,*,*,26
Wed,01:37:40,rwanda,angola,*,*,*,27
Wed,01:37:40,rwanda,angola,*,*,*,28
Wed,01:37:40,rwanda,angola,*,*,*,29
Wed,01:37:40,rwanda,angola,*,*,*,30
Wed,01:45:43,rwanda,angola,rwanda-fw-252.net.rwanda.cmu.local,172.29.52.1,1,1
Wed,01:45:43,rwanda,angola,41.74.174.49,41.74.174.49,4,2
Wed,01:45:43,rwanda,angola,197.243.126.165,197.243.126.165,5,3
Wed,01:45:43,rwanda,angola,192.168.1.253,192.168.1.253,5,4
Wed,01:45:43,rwanda,angola,192.168.1.230,192.168.1.230,5,5
Wed,01:45:43,rwanda,angola,197.243.126.29,197.243.126.29,5,6
Wed,01:45:43,rwanda,angola,41.223.224.210,41.223.224.210,4,7
Wed,01:45:43,rwanda,angola,197.155.94.164.liquidtelecom.net,197.155.94.164,69,8
Wed,01:45:43,rwanda,angola,teng0-2-0-0.lke-p2-nbi.liquidtelecom.net,197.155.94.96,69,9
Wed,01:45:43,rwanda,angola,teng0-0-1-3-p1-msa.liquidtelecom.net,197.155.94.9,26,10
Wed,01:45:43,rwanda,angola,gi2-0-0.lza-p2-jhb.liquidtelecom.net,77.246.57.69,71,11
Wed,01:45:43,rwanda,angola,eth-trunk-1-pe2-jhb.liquidtelecom.net,46.17.232.13,69,12
Wed,01:45:43,rwanda,angola,angolacables.ixp.joburg,196.60.8.60,151,13
Wed,01:45:43,rwanda,angola,pe1-nc016.ang.lad.as37468.angolacables.ao,197.149.149.113,140,14
Wed,01:45:43,rwanda,angola,pe1-ne011.ang.lad.as37468.angolacables.ao,197.149.151.3,140,15
Wed,01:45:43,rwanda,angola,197.149.148.237,197.149.148.237,301,16
Wed,01:45:43,rwanda,angola,41.222.238.26,41.222.238.26,139,17
Wed,01:45:43,rwanda,angola,41.222.238.7,41.222.238.7,124,18
Wed,01:45:43,rwanda,angola,*,*,*,19
Wed,01:45:43,rwanda,angola,*,*,*,20
Wed,01:45:43,rwanda,angola,*,*,*,21
Wed,01:45:43,rwanda,angola,*,*,*,22
Wed,01:45:43,rwanda,angola,*,*,*,23
Wed,01:45:43,rwanda,angola,*,*,*,24
Wed,01:45:43,rwanda,angola,*,*,*,25
Wed,01:45:43,rwanda,angola,*,*,*,26
Wed,01:45:43,rwanda,angola,*,*,*,27
Wed,01:45:43,rwanda,angola,*,*,*,28
Wed,01:45:43,rwanda,angola,*,*,*,29
Wed,01:45:43,rwanda,angola,*,*,*,30
Wed,01:53:56,rwanda,angola,rwanda-fw-252.net.rwanda.cmu.local,172.29.52.1,1,1
Wed,01:53:56,rwanda,angola,41.74.174.49,41.74.174.49,4,2
Wed,01:53:56,rwanda,angola,197.243.126.165,197.243.126.165,5,3
Wed,01:53:56,rwanda,angola,192.168.1.253,192.168.1.253,5,4
Wed,01:53:56,rwanda,angola,192.168.1.230,192.168.1.230,5,5
Wed,01:53:56,rwanda,angola,197.243.126.29,197.243.126.29,5,6
Wed,01:53:56,rwanda,angola,41.223.224.210,41.223.224.210,6,7
Wed,01:53:56,rwanda,angola,197.155.94.164.liquidtelecom.net,197.155.94.164,176,8
Wed,01:53:56,rwanda,angola,*,*,*,9
Wed,01:53:56,rwanda,angola,*,*,*,10
Wed,01:53:56,rwanda,angola,gi2-0-0.lza-p2-jhb.liquidtelecom.net,77.246.57.69,176,11
Wed,01:53:56,rwanda,angola,eth-trunk-1-pe2-jhb.liquidtelecom.net,46.17.232.13,170,12
Wed,01:53:56,rwanda,angola,angolacables.ixp.joburg,196.60.8.60,68,13
Wed,01:53:56,rwanda,angola,pe1-nc016.ang.lad.as37468.angolacables.ao,197.149.149.113,123,14
Wed,01:53:56,rwanda,angola,pe1-ne011.ang.lad.as37468.angolacables.ao,197.149.151.3,124,15
Wed,01:53:56,rwanda,angola,197.149.148.237,197.149.148.237,124,16
Wed,01:53:56,rwanda,angola,41.222.238.26,41.222.238.26,125,17
Wed,01:53:56,rwanda,angola,41.222.238.7,41.222.238.7,125,18
Wed,01:53:56,rwanda,angola,*,*,*,19
Wed,01:53:56,rwanda,angola,*,*,*,20
Wed,01:53:56,rwanda,angola,*,*,*,21
Wed,01:53:56,rwanda,angola,*,*,*,22
Wed,01:53:56,rwanda,angola,*,*,*,23
Wed,01:53:56,rwanda,angola,*,*,*,24
Wed,01:53:56,rwanda,angola,*,*,*,25
Wed,01:53:56,rwanda,angola,*,*,*,26
Wed,01:53:56,rwanda,angola,*,*,*,27
Wed,01:53:56,rwanda,angola,*,*,*,28
Wed,01:53:56,rwanda,angola,*,*,*,29
Wed,01:53:56,rwanda,angola,*,*,*,30
Wed,02:02:12,rwanda,angola,rwanda-fw-252.net.rwanda.cmu.local,172.29.52.1,1,1
Wed,02:02:12,rwanda,angola,41.74.174.49,41.74.174.49,4,2
Wed,02:02:12,rwanda,angola,197.243.126.165,197.243.126.165,5,3
Wed,02:02:12,rwanda,angola,192.168.1.253,192.168.1.253,5,4
Wed,02:02:12,rwanda,angola,192.168.1.230,192.168.1.230,5,5
Wed,02:02:12,rwanda,angola,197.243.126.29,197.243.126.29,4,6
Wed,02:02:12,rwanda,angola,41.223.224.210,41.223.224.210,5,7
Wed,02:02:12,rwanda,angola,197.155.94.164.liquidtelecom.net,197.155.94.164,69,8
Wed,02:02:12,rwanda,angola,teng0-2-0-0.lke-p2-nbi.liquidtelecom.net,197.155.94.96,71,9
Wed,02:02:12,rwanda,angola,teng0-0-1-3-p1-msa.liquidtelecom.net,197.155.94.9,26,10
Wed,02:02:12,rwanda,angola,gi2-0-0.lza-p2-jhb.liquidtelecom.net,77.246.57.69,71,11
Wed,02:02:12,rwanda,angola,eth-trunk-1-pe2-jhb.liquidtelecom.net,46.17.232.13,68,12
Wed,02:02:12,rwanda,angola,*,*,*,13
Wed,02:02:12,rwanda,angola,pe2-ne026.ang.lad.as37468.angolacables.ao,197.149.149.117,178,14
Wed,02:02:12,rwanda,angola,*,*,*,15
Wed,02:02:12,rwanda,angola,197.149.148.237,197.149.148.237,178,16
Wed,02:02:12,rwanda,angola,41.222.238.26,41.222.238.26,178,17
Wed,02:02:12,rwanda,angola,41.222.238.7,41.222.238.7,178,18
Wed,02:02:12,rwanda,angola,*,*,*,19
Wed,02:02:12,rwanda,angola,*,*,*,20
Wed,02:02:12,rwanda,angola,*,*,*,21
Wed,02:02:12,rwanda,angola,*,*,*,22
Wed,02:02:12,rwanda,angola,*,*,*,23
Wed,02:02:12,rwanda,angola,*,*,*,24
Wed,02:02:12,rwanda,angola,*,*,*,25
Wed,02:02:12,rwanda,angola,*,*,*,26
Wed,02:02:12,rwanda,angola,*,*,*,27
Wed,02:02:12,rwanda,angola,*,*,*,28
Wed,02:02:12,rwanda,angola,*,*,*,29
Wed,02:02:12,rwanda,angola,*,*,*,30
Wed,02:10:23,rwanda,angola,rwanda-fw-252.net.rwanda.cmu.local,172.29.52.1,1,1
Wed,02:10:23,rwanda,angola,41.74.174.49,41.74.174.49,4,2
Wed,02:10:23,rwanda,angola,197.243.126.165,197.243.126.165,4,3
Wed,02:10:23,rwanda,angola,192.168.1.253,192.168.1.253,4,4
Wed,02:10:23,rwanda,angola,192.168.1.230,192.168.1.230,4,5
Wed,02:10:23,rwanda,angola,197.243.126.29,197.243.126.29,16,6
Wed,02:10:23,rwanda,angola,41.223.224.210,41.223.224.210,4,7
Wed,02:10:23,rwanda,angola,197.155.94.164.liquidtelecom.net,197.155.94.164,69,8
Wed,02:10:23,rwanda,angola,pos0-1-1-2-p1-msa.liquidtelecom.net,197.155.94.42,69,9
Wed,02:10:23,rwanda,angola,197.155.94.167.liquidtelecom.net,197.155.94.167,24,10
Wed,02:10:23,rwanda,angola,gi2-0-0.lza-p2-jhb.liquidtelecom.net,77.246.57.69,71,11
Wed,02:10:23,rwanda,angola,eth-trunk-1-pe2-jhb.liquidtelecom.net,46.17.232.13,69,12
Wed,02:10:23,rwanda,angola,angolacables.ixp.joburg,196.60.8.60,68,13
Wed,02:10:23,rwanda,angola,pe2-ne026.ang.lad.as37468.angolacables.ao,197.149.149.117,123,14
Wed,02:10:23,rwanda,angola,pe2-ne022.ang.lad.as37468.angolacables.ao,197.149.151.19,124,15
Wed,02:10:23,rwanda,angola,197.149.148.237,197.149.148.237,124,16
Wed,02:10:23,rwanda,angola,41.222.238.26,41.222.238.26,125,17
Wed,02:10:23,rwanda,angola,41.222.238.7,41.222.238.7,124,18
Wed,02:10:23,rwanda,angola,*,*,*,19
Wed,02:10:23,rwanda,angola,*,*,*,20
Wed,02:10:23,rwanda,angola,*,*,*,21
Wed,02:10:23,rwanda,angola,*,*,*,22
Wed,02:10:23,rwanda,angola,*,*,*,23
Wed,02:10:23,rwanda,angola,*,*,*,24
Wed,02:10:23,rwanda,angola,*,*,*,25
Wed,02:10:23,rwanda,angola,*,*,*,26
Wed,02:10:23,rwanda,angola,*,*,*,27
Wed,02:10:23,rwanda,angola,*,*,*,28
Wed,02:10:23,rwanda,angola,*,*,*,29
Wed,02:10:23,rwanda,angola,*,*,*,30
Wed,02:19:23,rwanda,angola,rwanda-fw-252.net.rwanda.cmu.local,172.29.52.1,1,1
Wed,02:19:23,rwanda,angola,41.74.174.49,41.74.174.49,4,2
Wed,02:19:23,rwanda,angola,197.243.126.165,197.243.126.165,5,3
Wed,02:19:23,rwanda,angola,192.168.1.253,192.168.1.253,5,4
Wed,02:19:23,rwanda,angola,192.168.1.230,192.168.1.230,5,5
Wed,02:19:23,rwanda,angola,197.243.126.29,197.243.126.29,32,6
Wed,02:19:23,rwanda,angola,41.223.224.210,41.223.224.210,5,7
Wed,02:19:23,rwanda,angola,197.155.94.164.liquidtelecom.net,197.155.94.164,68,8
Wed,02:19:23,rwanda,angola,pos0-1-1-2-p1-msa.liquidtelecom.net,197.155.94.42,69,9
Wed,02:19:23,rwanda,angola,ten-0-1-1-1-p1-msa.liquidtelecom.net,197.155.94.75,24,10
Wed,02:19:23,rwanda,angola,gi2-0-0.lza-p2-jhb.liquidtelecom.net,77.246.57.69,70,11
Wed,02:19:23,rwanda,angola,eth-trunk-1-pe2-jhb.liquidtelecom.net,46.17.232.13,68,12
Wed,02:19:23,rwanda,angola,angolacables.ixp.joburg,196.60.8.60,68,13
Wed,02:19:23,rwanda,angola,pe2-ne026.ang.lad.as37468.angolacables.ao,197.149.149.117,123,14
Wed,02:19:23,rwanda,angola,pe2-ne022.ang.lad.as37468.angolacables.ao,197.149.151.19,124,15
Wed,02:19:23,rwanda,angola,197.149.148.237,197.149.148.237,124,16
Wed,02:19:23,rwanda,angola,41.222.238.26,41.222.238.26,206,17
Wed,02:19:23,rwanda,angola,41.222.238.7,41.222.238.7,124,18
Wed,02:19:23,rwanda,angola,*,*,*,19
Wed,02:19:23,rwanda,angola,*,*,*,20
Wed,02:19:23,rwanda,angola,*,*,*,21
Wed,02:19:23,rwanda,angola,*,*,*,22
Wed,02:19:23,rwanda,angola,*,*,*,23
Wed,02:19:23,rwanda,angola,*,*,*,24
Wed,02:19:23,rwanda,angola,*,*,*,25
Wed,02:19:23,rwanda,angola,*,*,*,26
Wed,02:19:23,rwanda,angola,*,*,*,27
Wed,02:19:23,rwanda,angola,*,*,*,28
Wed,02:19:23,rwanda,angola,*,*,*,29
Wed,02:19:23,rwanda,angola,*,*,*,30
Wed,02:27:27,rwanda,angola,rwanda-fw-252.net.rwanda.cmu.local,172.29.52.1,1,1
Wed,02:27:27,rwanda,angola,41.74.174.49,41.74.174.49,4,2
Wed,02:27:27,rwanda,angola,197.243.126.165,197.243.126.165,5,3
Wed,02:27:27,rwanda,angola,192.168.1.253,192.168.1.253,5,4
Wed,02:27:27,rwanda,angola,192.168.1.230,192.168.1.230,5,5
Wed,02:27:27,rwanda,angola,197.243.126.29,197.243.126.29,5,6
Wed,02:27:27,rwanda,angola,41.223.224.210,41.223.224.210,4,7
Wed,02:27:27,rwanda,angola,197.155.94.164.liquidtelecom.net,197.155.94.164,69,8
Wed,02:27:27,rwanda,angola,teng0-2-0-0.lke-p2-nbi.liquidtelecom.net,197.155.94.96,69,9
Wed,02:27:27,rwanda,angola,ten-0-1-1-1-p1-msa.liquidtelecom.net,197.155.94.75,24,10
Wed,02:27:27,rwanda,angola,gi2-0-0.lza-p2-jhb.liquidtelecom.net,77.246.57.69,71,11
Wed,02:27:27,rwanda,angola,eth-trunk-1-pe2-jhb.liquidtelecom.net,46.17.232.13,69,12
Wed,02:27:27,rwanda,angola,angolacables.ixp.joburg,196.60.8.60,68,13
Wed,02:27:27,rwanda,angola,pe2-ne026.ang.lad.as37468.angolacables.ao,197.149.149.117,123,14
Wed,02:27:27,rwanda,angola,pe1-ne011.ang.lad.as37468.angolacables.ao,197.149.151.3,124,15
Wed,02:27:27,rwanda,angola,197.149.148.237,197.149.148.237,125,16
Wed,02:27:27,rwanda,angola,41.222.238.26,41.222.238.26,125,17
Wed,02:27:27,rwanda,angola,41.222.238.7,41.222.238.7,123,18
Wed,02:27:27,rwanda,angola,*,*,*,19
Wed,02:27:27,rwanda,angola,*,*,*,20
Wed,02:27:27,rwanda,angola,*,*,*,21
Wed,02:27:27,rwanda,angola,*,*,*,22
Wed,02:27:27,rwanda,angola,*,*,*,23
Wed,02:27:27,rwanda,angola,*,*,*,24
Wed,02:27:27,rwanda,angola,*,*,*,25
Wed,02:27:27,rwanda,angola,*,*,*,26
Wed,02:27:27,rwanda,angola,*,*,*,27
Wed,02:27:27,rwanda,angola,*,*,*,28
Wed,02:27:27,rwanda,angola,*,*,*,29
Wed,02:27:27,rwanda,angola,*,*,*,30
Wed,02:35:51,rwanda,angola,rwanda-fw-252.net.rwanda.cmu.local,172.29.52.1,1,1
Wed,02:35:51,rwanda,angola,41.74.174.49,41.74.174.49,7,2
Wed,02:35:51,rwanda,angola,197.243.126.165,197.243.126.165,8,3
Wed,02:35:51,rwanda,angola,192.168.1.253,192.168.1.253,8,4
Wed,02:35:51,rwanda,angola,192.168.1.230,192.168.1.230,8,5
Wed,02:35:51,rwanda,angola,197.243.126.29,197.243.126.29,8,6
Wed,02:35:51,rwanda,angola,41.223.224.210,41.223.224.210,4,7
Wed,02:35:51,rwanda,angola,197.155.94.164.liquidtelecom.net,197.155.94.164,69,8
Wed,02:35:51,rwanda,angola,pos0-1-1-2-p1-msa.liquidtelecom.net,197.155.94.42,69,9
Wed,02:35:51,rwanda,angola,197.155.94.167.liquidtelecom.net,197.155.94.167,25,10
Wed,02:35:51,rwanda,angola,gi2-0-0.lza-p2-jhb.liquidtelecom.net,77.246.57.69,71,11
Wed,02:35:51,rwanda,angola,eth-trunk-1-pe2-jhb.liquidtelecom.net,46.17.232.13,69,12
Wed,02:35:51,rwanda,angola,angolacables.ixp.joburg,196.60.8.60,67,13
Wed,02:35:51,rwanda,angola,pe2-ne026.ang.lad.as37468.angolacables.ao,197.149.149.117,123,14
Wed,02:35:51,rwanda,angola,pe2-ne022.ang.lad.as37468.angolacables.ao,197.149.151.19,124,15
Wed,02:35:51,rwanda,angola,197.149.148.237,197.149.148.237,124,16
Wed,02:35:51,rwanda,angola,41.222.238.26,41.222.238.26,124,17
Wed,02:35:51,rwanda,angola,41.222.238.7,41.222.238.7,124,18
Wed,02:35:51,rwanda,angola,*,*,*,19
Wed,02:35:51,rwanda,angola,*,*,*,20
Wed,02:35:51,rwanda,angola,*,*,*,21
Wed,02:35:51,rwanda,angola,*,*,*,22
Wed,02:35:51,rwanda,angola,*,*,*,23
Wed,02:35:51,rwanda,angola,*,*,*,24
Wed,02:35:51,rwanda,angola,*,*,*,25
Wed,02:35:51,rwanda,angola,*,*,*,26
Wed,02:35:51,rwanda,angola,*,*,*,27
Wed,02:35:51,rwanda,angola,*,*,*,28
Wed,02:35:51,rwanda,angola,*,*,*,29
Wed,02:35:51,rwanda,angola,*,*,*,30
